Insert into REF_BOOK (ID,NAME,SCRIPT_ID,VISIBLE,TYPE,READ_ONLY,REGION_ATTRIBUTE_ID,TABLE_NAME,IS_VERSIONED) values ('904','Физические лица',null,'1','0','0',null,'REF_BOOK_PERSON','1');
Insert into REF_BOOK (ID,NAME,SCRIPT_ID,VISIBLE,TYPE,READ_ONLY,REGION_ATTRIBUTE_ID,TABLE_NAME,IS_VERSIONED) values ('903','Статусы налогоплательщика',null,'1','0','0',null,'REF_BOOK_TAXPAYER_STATE','0');
Insert into REF_BOOK (ID,NAME,SCRIPT_ID,VISIBLE,TYPE,READ_ONLY,REGION_ATTRIBUTE_ID,TABLE_NAME,IS_VERSIONED) values ('10','ОК 025-2001 (Общероссийский классификатор стран мира)',null,'1','0','0',null,null,'1');
Insert into REF_BOOK (ID,NAME,SCRIPT_ID,VISIBLE,TYPE,READ_ONLY,REGION_ATTRIBUTE_ID,TABLE_NAME,IS_VERSIONED) values ('901','Адреса физических лиц',null,'0','0','0',null,'REF_BOOK_ADDRESS','0');
Insert into REF_BOOK (ID,NAME,SCRIPT_ID,VISIBLE,TYPE,READ_ONLY,REGION_ATTRIBUTE_ID,TABLE_NAME,IS_VERSIONED) values ('504','Реестр проблемных зон/ зон потенциального риска',null,'1','0','0',null,null,'1');

Insert into REF_BOOK_ATTRIBUTE (ID,REF_BOOK_ID,NAME,ALIAS,TYPE,ORD,REFERENCE_ID,ATTRIBUTE_ID,VISIBLE,PRECISION,WIDTH,REQUIRED,IS_UNIQUE,SORT_ORDER,FORMAT,READ_ONLY,MAX_LENGTH) values ('9031','903','Код','CODE','1','1',null,null,'1',null,'15','1','0',null,null,'0','1');
Insert into REF_BOOK_ATTRIBUTE (ID,REF_BOOK_ID,NAME,ALIAS,TYPE,ORD,REFERENCE_ID,ATTRIBUTE_ID,VISIBLE,PRECISION,WIDTH,REQUIRED,IS_UNIQUE,SORT_ORDER,FORMAT,READ_ONLY,MAX_LENGTH) values ('50','10','Код','CODE','1','0',null,null,'1',null,'3','1','1',null,null,'0','3');
Insert into REF_BOOK_ATTRIBUTE (ID,REF_BOOK_ID,NAME,ALIAS,TYPE,ORD,REFERENCE_ID,ATTRIBUTE_ID,VISIBLE,PRECISION,WIDTH,REQUIRED,IS_UNIQUE,SORT_ORDER,FORMAT,READ_ONLY,MAX_LENGTH) values ('9114','901','Город','CITY','1','6',null,null,'1',null,'15','0','0',null,null,'0','50');

Insert into REF_BOOK_RECORD (ID,RECORD_ID,REF_BOOK_ID,VERSION,STATUS) values ('266174099','243278461','504',to_date('29.09.14','DD.MM.RR'),'0');

Insert into REF_BOOK_ATTRIBUTE (ID,REF_BOOK_ID,NAME,ALIAS,TYPE,ORD,REFERENCE_ID,ATTRIBUTE_ID,VISIBLE,PRECISION,WIDTH,REQUIRED,IS_UNIQUE,SORT_ORDER,FORMAT,READ_ONLY,MAX_LENGTH) values ('9041','904','Фамилия','LAST_NAME','1','1',null,null,'1',null,'15','1','0',null,null,'0','60');
Insert into REF_BOOK_ATTRIBUTE (ID,REF_BOOK_ID,NAME,ALIAS,TYPE,ORD,REFERENCE_ID,ATTRIBUTE_ID,VISIBLE,PRECISION,WIDTH,REQUIRED,IS_UNIQUE,SORT_ORDER,FORMAT,READ_ONLY,MAX_LENGTH) values ('9042','904','Имя','FIRST_NAME','1','2',null,null,'1',null,'15','1','0',null,null,'0','60');
Insert into REF_BOOK_ATTRIBUTE (ID,REF_BOOK_ID,NAME,ALIAS,TYPE,ORD,REFERENCE_ID,ATTRIBUTE_ID,VISIBLE,PRECISION,WIDTH,REQUIRED,IS_UNIQUE,SORT_ORDER,FORMAT,READ_ONLY,MAX_LENGTH) values ('9043','904','Отчество','MIDDLE_NAME','1','3',null,null,'1',null,'15','0','0',null,null,'0','60');
Insert into REF_BOOK_ATTRIBUTE (ID,REF_BOOK_ID,NAME,ALIAS,TYPE,ORD,REFERENCE_ID,ATTRIBUTE_ID,VISIBLE,PRECISION,WIDTH,REQUIRED,IS_UNIQUE,SORT_ORDER,FORMAT,READ_ONLY,MAX_LENGTH) values ('9044','904','Пол','SEX','2','4',null,null,'1','0','15','0','0',null,null,'0','1');
Insert into REF_BOOK_ATTRIBUTE (ID,REF_BOOK_ID,NAME,ALIAS,TYPE,ORD,REFERENCE_ID,ATTRIBUTE_ID,VISIBLE,PRECISION,WIDTH,REQUIRED,IS_UNIQUE,SORT_ORDER,FORMAT,READ_ONLY,MAX_LENGTH) values ('9045','904','ИНН в Российской Федерации','INN','1','5',null,null,'1',null,'12','0','1',null,null,'0','12');
Insert into REF_BOOK_ATTRIBUTE (ID,REF_BOOK_ID,NAME,ALIAS,TYPE,ORD,REFERENCE_ID,ATTRIBUTE_ID,VISIBLE,PRECISION,WIDTH,REQUIRED,IS_UNIQUE,SORT_ORDER,FORMAT,READ_ONLY,MAX_LENGTH) values ('9046','904','ИНН в стране гражданства','INN_FOREIGN','1','6',null,null,'1',null,'15','0','1',null,null,'0','50');
Insert into REF_BOOK_ATTRIBUTE (ID,REF_BOOK_ID,NAME,ALIAS,TYPE,ORD,REFERENCE_ID,ATTRIBUTE_ID,VISIBLE,PRECISION,WIDTH,REQUIRED,IS_UNIQUE,SORT_ORDER,FORMAT,READ_ONLY,MAX_LENGTH) values ('9047','904','СНИЛС','SNILS','1','7',null,null,'1',null,'14','0','1',null,null,'0','14');
Insert into REF_BOOK_ATTRIBUTE (ID,REF_BOOK_ID,NAME,ALIAS,TYPE,ORD,REFERENCE_ID,ATTRIBUTE_ID,VISIBLE,PRECISION,WIDTH,REQUIRED,IS_UNIQUE,SORT_ORDER,FORMAT,READ_ONLY,MAX_LENGTH) values ('9048','904','Статус налогоплательщика ','TAXPAYER_STATE','4','8','903','9031','1',null,'15','0','0',null,null,'0',null);
Insert into REF_BOOK_ATTRIBUTE (ID,REF_BOOK_ID,NAME,ALIAS,TYPE,ORD,REFERENCE_ID,ATTRIBUTE_ID,VISIBLE,PRECISION,WIDTH,REQUIRED,IS_UNIQUE,SORT_ORDER,FORMAT,READ_ONLY,MAX_LENGTH) values ('9050','904','Дата рождения','BIRTH_DATE','3','10',null,null,'1',null,'15','1','0',null,'1','0',null);
Insert into REF_BOOK_ATTRIBUTE (ID,REF_BOOK_ID,NAME,ALIAS,TYPE,ORD,REFERENCE_ID,ATTRIBUTE_ID,VISIBLE,PRECISION,WIDTH,REQUIRED,IS_UNIQUE,SORT_ORDER,FORMAT,READ_ONLY,MAX_LENGTH) values ('9051','904','Место рождения','BIRTH_PLACE','1','11',null,null,'1',null,'15','0','0',null,null,'0','255');
Insert into REF_BOOK_ATTRIBUTE (ID,REF_BOOK_ID,NAME,ALIAS,TYPE,ORD,REFERENCE_ID,ATTRIBUTE_ID,VISIBLE,PRECISION,WIDTH,REQUIRED,IS_UNIQUE,SORT_ORDER,FORMAT,READ_ONLY,MAX_LENGTH) values ('9052','904','Гражданство','CITIZENSHIP','4','12','10','50','1',null,'3','1','0',null,null,'0',null);
Insert into REF_BOOK_ATTRIBUTE (ID,REF_BOOK_ID,NAME,ALIAS,TYPE,ORD,REFERENCE_ID,ATTRIBUTE_ID,VISIBLE,PRECISION,WIDTH,REQUIRED,IS_UNIQUE,SORT_ORDER,FORMAT,READ_ONLY,MAX_LENGTH) values ('9054','904','Адрес места жительства','ADDRESS','4','14','901','9114','1',null,'15','0','0',null,null,'0',null);
Insert into REF_BOOK_ATTRIBUTE (ID,REF_BOOK_ID,NAME,ALIAS,TYPE,ORD,REFERENCE_ID,ATTRIBUTE_ID,VISIBLE,PRECISION,WIDTH,REQUIRED,IS_UNIQUE,SORT_ORDER,FORMAT,READ_ONLY,MAX_LENGTH) values ('9055','904','Признак застрахованного лица в системе обязательного пенсионного страхования','PENSION','1','15',null,null,'1',null,'15','1','0',null,null,'0','1');
Insert into REF_BOOK_ATTRIBUTE (ID,REF_BOOK_ID,NAME,ALIAS,TYPE,ORD,REFERENCE_ID,ATTRIBUTE_ID,VISIBLE,PRECISION,WIDTH,REQUIRED,IS_UNIQUE,SORT_ORDER,FORMAT,READ_ONLY,MAX_LENGTH) values ('9056','904','Признак застрахованного лица в системе обязательного медицинского страхования','MEDICAL','1','16',null,null,'1',null,'15','1','0',null,null,'0','1');
Insert into REF_BOOK_ATTRIBUTE (ID,REF_BOOK_ID,NAME,ALIAS,TYPE,ORD,REFERENCE_ID,ATTRIBUTE_ID,VISIBLE,PRECISION,WIDTH,REQUIRED,IS_UNIQUE,SORT_ORDER,FORMAT,READ_ONLY,MAX_LENGTH) values ('9057','904','Признак застрахованного лица в системе обязательного социального страхования','SOCIAL','1','17',null,null,'1',null,'15','1','0',null,null,'0','1');


Insert into REF_BOOK_PERSON (ID,LAST_NAME,FIRST_NAME,MIDDLE_NAME,SEX,INN,INN_FOREIGN,SNILS,TAXPAYER_STATE,BIRTH_DATE,BIRTH_PLACE,CITIZENSHIP,ADDRESS,PENSION,MEDICAL,SOCIAL,EMPLOYEE,RECORD_ID,VERSION,STATUS) values ('1','Иванов','Федор','Семенович','1',null,null,null,null,to_date('01.01.72','DD.MM.RR'),'Москва','266174099',null,'2','2','2','2','1',to_date('09.01.17','DD.MM.RR'),'0');
Insert into REF_BOOK_PERSON (ID,LAST_NAME,FIRST_NAME,MIDDLE_NAME,SEX,INN,INN_FOREIGN,SNILS,TAXPAYER_STATE,BIRTH_DATE,BIRTH_PLACE,CITIZENSHIP,ADDRESS,PENSION,MEDICAL,SOCIAL,EMPLOYEE,RECORD_ID,VERSION,STATUS) values ('2','Иванов','Петр','Семенович','1',null,null,null,null,to_date('01.01.70','DD.MM.RR'),'Москва','266174099',null,'2','2','2','2','2',to_date('09.01.17','DD.MM.RR'),'0');
Insert into REF_BOOK_PERSON (ID,LAST_NAME,FIRST_NAME,MIDDLE_NAME,SEX,INN,INN_FOREIGN,SNILS,TAXPAYER_STATE,BIRTH_DATE,BIRTH_PLACE,CITIZENSHIP,ADDRESS,PENSION,MEDICAL,SOCIAL,EMPLOYEE,RECORD_ID,VERSION,STATUS) values ('3','Иванов','Феофан','Семенович','1',null,null,null,null,to_date('08.02.80','DD.MM.RR'),'Москва','266174099',null,'2','2','2','2','4',to_date('01.01.12','DD.MM.RR'),'0');
Insert into REF_BOOK_PERSON (ID,LAST_NAME,FIRST_NAME,MIDDLE_NAME,SEX,INN,INN_FOREIGN,SNILS,TAXPAYER_STATE,BIRTH_DATE,BIRTH_PLACE,CITIZENSHIP,ADDRESS,PENSION,MEDICAL,SOCIAL,EMPLOYEE,RECORD_ID,VERSION,STATUS) values ('4','Иванов','Семен','Васильевич','1',null,null,null,null,to_date('08.02.46','DD.MM.RR'),'Москва','266174099',null,'2','2','2','2','4',to_date('01.01.10','DD.MM.RR'),'0');
Insert into REF_BOOK_PERSON (ID,LAST_NAME,FIRST_NAME,MIDDLE_NAME,SEX,INN,INN_FOREIGN,SNILS,TAXPAYER_STATE,BIRTH_DATE,BIRTH_PLACE,CITIZENSHIP,ADDRESS,PENSION,MEDICAL,SOCIAL,EMPLOYEE,RECORD_ID,VERSION,STATUS) values ('5','Иванов','Георгий','Васильевич','1',null,null,null,null,to_date('08.02.48','DD.MM.RR'),'Москва','266174099',null,'2','2','2','2','4',to_date('01.01.10','DD.MM.RR'),'0');