Insert into ref_book (ID,NAME,SCRIPT_ID,VISIBLE,TYPE,READ_ONLY,REGION_ATTRIBUTE_ID,TABLE_NAME,IS_VERSIONED) values ('8','Коды, определяющие налоговый (отчётный) период',null,'1','0','1',null,null,'1');

Insert into ref_book_record (ID,RECORD_ID,REF_BOOK_ID,VERSION,STATUS) values ('181204','0','8',to_date('01.01.12','DD.MM.RR'),'0');
Insert into ref_book_record (ID,RECORD_ID,REF_BOOK_ID,VERSION,STATUS) values ('181205','1','8',to_date('01.01.12','DD.MM.RR'),'0');
Insert into ref_book_record (ID,RECORD_ID,REF_BOOK_ID,VERSION,STATUS) values ('181207','3','8',to_date('01.01.12','DD.MM.RR'),'0');
Insert into ref_book_record (ID,RECORD_ID,REF_BOOK_ID,VERSION,STATUS) values ('181206','2','8',to_date('01.01.12','DD.MM.RR'),'0');
Insert into ref_book_record (ID,RECORD_ID,REF_BOOK_ID,VERSION,STATUS) values ('181208','4','8',to_date('01.01.12','DD.MM.RR'),'0');
Insert into ref_book_record (ID,RECORD_ID,REF_BOOK_ID,VERSION,STATUS) values ('181209','5','8',to_date('01.01.12','DD.MM.RR'),'0');
Insert into ref_book_record (ID,RECORD_ID,REF_BOOK_ID,VERSION,STATUS) values ('181210','6','8',to_date('01.01.12','DD.MM.RR'),'0');
Insert into ref_book_record (ID,RECORD_ID,REF_BOOK_ID,VERSION,STATUS) values ('181211','7','8',to_date('01.01.12','DD.MM.RR'),'0');
Insert into ref_book_record (ID,RECORD_ID,REF_BOOK_ID,VERSION,STATUS) values ('181212','8','8',to_date('01.01.12','DD.MM.RR'),'0');
Insert into ref_book_record (ID,RECORD_ID,REF_BOOK_ID,VERSION,STATUS) values ('181213','9','8',to_date('01.01.12','DD.MM.RR'),'0');
Insert into ref_book_record (ID,RECORD_ID,REF_BOOK_ID,VERSION,STATUS) values ('181214','10','8',to_date('01.01.12','DD.MM.RR'),'0');
Insert into ref_book_record (ID,RECORD_ID,REF_BOOK_ID,VERSION,STATUS) values ('181215','11','8',to_date('01.01.12','DD.MM.RR'),'0');
Insert into ref_book_record (ID,RECORD_ID,REF_BOOK_ID,VERSION,STATUS) values ('181216','12','8',to_date('01.01.12','DD.MM.RR'),'0');
Insert into ref_book_record (ID,RECORD_ID,REF_BOOK_ID,VERSION,STATUS) values ('181217','13','8',to_date('01.01.12','DD.MM.RR'),'0');
Insert into ref_book_record (ID,RECORD_ID,REF_BOOK_ID,VERSION,STATUS) values ('181218','14','8',to_date('01.01.12','DD.MM.RR'),'0');
Insert into ref_book_record (ID,RECORD_ID,REF_BOOK_ID,VERSION,STATUS) values ('181219','15','8',to_date('01.01.12','DD.MM.RR'),'0');
Insert into ref_book_record (ID,RECORD_ID,REF_BOOK_ID,VERSION,STATUS) values ('181220','16','8',to_date('01.01.12','DD.MM.RR'),'0');
Insert into ref_book_record (ID,RECORD_ID,REF_BOOK_ID,VERSION,STATUS) values ('181221','17','8',to_date('01.01.12','DD.MM.RR'),'0');
Insert into ref_book_record (ID,RECORD_ID,REF_BOOK_ID,VERSION,STATUS) values ('181222','18','8',to_date('01.01.12','DD.MM.RR'),'0');
Insert into ref_book_record (ID,RECORD_ID,REF_BOOK_ID,VERSION,STATUS) values ('181223','19','8',to_date('01.01.12','DD.MM.RR'),'0');
Insert into ref_book_record (ID,RECORD_ID,REF_BOOK_ID,VERSION,STATUS) values ('181224','20','8',to_date('01.01.12','DD.MM.RR'),'0');
Insert into ref_book_record (ID,RECORD_ID,REF_BOOK_ID,VERSION,STATUS) values ('181225','21','8',to_date('01.01.12','DD.MM.RR'),'0');
Insert into ref_book_record (ID,RECORD_ID,REF_BOOK_ID,VERSION,STATUS) values ('181226','22','8',to_date('01.01.12','DD.MM.RR'),'0');
Insert into ref_book_record (ID,RECORD_ID,REF_BOOK_ID,VERSION,STATUS) values ('181227','23','8',to_date('01.01.12','DD.MM.RR'),'0');
Insert into ref_book_record (ID,RECORD_ID,REF_BOOK_ID,VERSION,STATUS) values ('181228','24','8',to_date('01.01.12','DD.MM.RR'),'0');
Insert into ref_book_record (ID,RECORD_ID,REF_BOOK_ID,VERSION,STATUS) values ('181229','25','8',to_date('01.01.12','DD.MM.RR'),'0');
Insert into ref_book_record (ID,RECORD_ID,REF_BOOK_ID,VERSION,STATUS) values ('181230','26','8',to_date('01.01.12','DD.MM.RR'),'0');
Insert into ref_book_record (ID,RECORD_ID,REF_BOOK_ID,VERSION,STATUS) values ('181231','27','8',to_date('01.01.12','DD.MM.RR'),'0');
Insert into ref_book_record (ID,RECORD_ID,REF_BOOK_ID,VERSION,STATUS) values ('181232','28','8',to_date('01.01.12','DD.MM.RR'),'0');
Insert into ref_book_record (ID,RECORD_ID,REF_BOOK_ID,VERSION,STATUS) values ('181233','29','8',to_date('01.01.12','DD.MM.RR'),'0');
Insert into ref_book_record (ID,RECORD_ID,REF_BOOK_ID,VERSION,STATUS) values ('181234','30','8',to_date('01.01.12','DD.MM.RR'),'0');
Insert into ref_book_record (ID,RECORD_ID,REF_BOOK_ID,VERSION,STATUS) values ('181235','31','8',to_date('01.01.12','DD.MM.RR'),'0');
Insert into ref_book_record (ID,RECORD_ID,REF_BOOK_ID,VERSION,STATUS) values ('181236','32','8',to_date('01.01.12','DD.MM.RR'),'0');
Insert into ref_book_record (ID,RECORD_ID,REF_BOOK_ID,VERSION,STATUS) values ('181237','33','8',to_date('01.01.12','DD.MM.RR'),'0');
Insert into ref_book_record (ID,RECORD_ID,REF_BOOK_ID,VERSION,STATUS) values ('181238','34','8',to_date('01.01.12','DD.MM.RR'),'0');
Insert into ref_book_record (ID,RECORD_ID,REF_BOOK_ID,VERSION,STATUS) values ('181239','35','8',to_date('01.01.12','DD.MM.RR'),'0');
Insert into ref_book_record (ID,RECORD_ID,REF_BOOK_ID,VERSION,STATUS) values ('181240','36','8',to_date('01.01.12','DD.MM.RR'),'0');
Insert into ref_book_record (ID,RECORD_ID,REF_BOOK_ID,VERSION,STATUS) values ('181241','37','8',to_date('01.01.12','DD.MM.RR'),'0');
Insert into ref_book_record (ID,RECORD_ID,REF_BOOK_ID,VERSION,STATUS) values ('181242','38','8',to_date('01.01.12','DD.MM.RR'),'0');
Insert into ref_book_record (ID,RECORD_ID,REF_BOOK_ID,VERSION,STATUS) values ('181243','39','8',to_date('01.01.12','DD.MM.RR'),'0');
Insert into ref_book_record (ID,RECORD_ID,REF_BOOK_ID,VERSION,STATUS) values ('181244','40','8',to_date('01.01.12','DD.MM.RR'),'0');
Insert into ref_book_record (ID,RECORD_ID,REF_BOOK_ID,VERSION,STATUS) values ('181245','41','8',to_date('01.01.12','DD.MM.RR'),'0');
Insert into ref_book_record (ID,RECORD_ID,REF_BOOK_ID,VERSION,STATUS) values ('181246','42','8',to_date('01.01.12','DD.MM.RR'),'0');
Insert into ref_book_record (ID,RECORD_ID,REF_BOOK_ID,VERSION,STATUS) values ('181247','43','8',to_date('01.01.12','DD.MM.RR'),'0');
Insert into ref_book_record (ID,RECORD_ID,REF_BOOK_ID,VERSION,STATUS) values ('181248','44','8',to_date('01.01.12','DD.MM.RR'),'0');
Insert into ref_book_record (ID,RECORD_ID,REF_BOOK_ID,VERSION,STATUS) values ('181249','45','8',to_date('01.01.12','DD.MM.RR'),'0');
Insert into ref_book_record (ID,RECORD_ID,REF_BOOK_ID,VERSION,STATUS) values ('181250','46','8',to_date('01.01.12','DD.MM.RR'),'0');
Insert into ref_book_record (ID,RECORD_ID,REF_BOOK_ID,VERSION,STATUS) values ('181251','47','8',to_date('01.01.12','DD.MM.RR'),'0');
Insert into ref_book_record (ID,RECORD_ID,REF_BOOK_ID,VERSION,STATUS) values ('181252','48','8',to_date('01.01.12','DD.MM.RR'),'0');
Insert into ref_book_record (ID,RECORD_ID,REF_BOOK_ID,VERSION,STATUS) values ('181253','49','8',to_date('01.01.12','DD.MM.RR'),'0');
Insert into ref_book_record (ID,RECORD_ID,REF_BOOK_ID,VERSION,STATUS) values ('181254','50','8',to_date('01.01.12','DD.MM.RR'),'0');
Insert into ref_book_record (ID,RECORD_ID,REF_BOOK_ID,VERSION,STATUS) values ('181255','51','8',to_date('01.01.12','DD.MM.RR'),'0');
Insert into ref_book_record (ID,RECORD_ID,REF_BOOK_ID,VERSION,STATUS) values ('181256','52','8',to_date('01.01.12','DD.MM.RR'),'0');
Insert into ref_book_record (ID,RECORD_ID,REF_BOOK_ID,VERSION,STATUS) values ('181257','53','8',to_date('01.01.12','DD.MM.RR'),'0');
Insert into ref_book_record (ID,RECORD_ID,REF_BOOK_ID,VERSION,STATUS) values ('181258','54','8',to_date('01.01.12','DD.MM.RR'),'0');
Insert into ref_book_record (ID,RECORD_ID,REF_BOOK_ID,VERSION,STATUS) values ('181259','55','8',to_date('01.01.12','DD.MM.RR'),'0');
Insert into ref_book_record (ID,RECORD_ID,REF_BOOK_ID,VERSION,STATUS) values ('181260','56','8',to_date('01.01.12','DD.MM.RR'),'0');
Insert into ref_book_record (ID,RECORD_ID,REF_BOOK_ID,VERSION,STATUS) values ('181261','57','8',to_date('01.01.12','DD.MM.RR'),'0');
Insert into ref_book_record (ID,RECORD_ID,REF_BOOK_ID,VERSION,STATUS) values ('181262','58','8',to_date('01.01.12','DD.MM.RR'),'0');
Insert into ref_book_record (ID,RECORD_ID,REF_BOOK_ID,VERSION,STATUS) values ('181263','59','8',to_date('01.01.12','DD.MM.RR'),'0');
Insert into ref_book_record (ID,RECORD_ID,REF_BOOK_ID,VERSION,STATUS) values ('181264','60','8',to_date('01.01.12','DD.MM.RR'),'0');
Insert into ref_book_record (ID,RECORD_ID,REF_BOOK_ID,VERSION,STATUS) values ('181265','61','8',to_date('01.01.12','DD.MM.RR'),'0');
Insert into ref_book_record (ID,RECORD_ID,REF_BOOK_ID,VERSION,STATUS) values ('181266','62','8',to_date('01.01.12','DD.MM.RR'),'0');
Insert into ref_book_record (ID,RECORD_ID,REF_BOOK_ID,VERSION,STATUS) values ('181267','63','8',to_date('01.01.12','DD.MM.RR'),'0');
Insert into ref_book_record (ID,RECORD_ID,REF_BOOK_ID,VERSION,STATUS) values ('181268','64','8',to_date('01.01.12','DD.MM.RR'),'0');
Insert into ref_book_record (ID,RECORD_ID,REF_BOOK_ID,VERSION,STATUS) values ('181269','65','8',to_date('01.01.12','DD.MM.RR'),'0');
Insert into ref_book_record (ID,RECORD_ID,REF_BOOK_ID,VERSION,STATUS) values ('181270','66','8',to_date('01.01.12','DD.MM.RR'),'0');
Insert into ref_book_record (ID,RECORD_ID,REF_BOOK_ID,VERSION,STATUS) values ('181271','67','8',to_date('01.01.12','DD.MM.RR'),'0');
Insert into ref_book_record (ID,RECORD_ID,REF_BOOK_ID,VERSION,STATUS) values ('181272','68','8',to_date('01.01.12','DD.MM.RR'),'0');
Insert into ref_book_record (ID,RECORD_ID,REF_BOOK_ID,VERSION,STATUS) values ('181273','69','8',to_date('01.01.12','DD.MM.RR'),'0');


Insert into ref_book_attribute (ID,REF_BOOK_ID,NAME,ALIAS,TYPE,ORD,REFERENCE_ID,ATTRIBUTE_ID,VISIBLE,PRECISION,WIDTH,REQUIRED,IS_UNIQUE,SORT_ORDER,FORMAT,READ_ONLY,MAX_LENGTH) values ('844','8','Календарная дата начала периода','CALENDAR_START_DATE','3','11',null,null,'1',null,'10','1','0',null,'5','0',null);
Insert into ref_book_attribute (ID,REF_BOOK_ID,NAME,ALIAS,TYPE,ORD,REFERENCE_ID,ATTRIBUTE_ID,VISIBLE,PRECISION,WIDTH,REQUIRED,IS_UNIQUE,SORT_ORDER,FORMAT,READ_ONLY,MAX_LENGTH) values ('25','8','Код','CODE','1','0',null,null,'1',null,'10','1','1',null,null,'0','2');
Insert into ref_book_attribute (ID,REF_BOOK_ID,NAME,ALIAS,TYPE,ORD,REFERENCE_ID,ATTRIBUTE_ID,VISIBLE,PRECISION,WIDTH,REQUIRED,IS_UNIQUE,SORT_ORDER,FORMAT,READ_ONLY,MAX_LENGTH) values ('31','8','Принадлежность к ТЦО','D','2','6',null,null,'0','0','10','0','0',null,'6','0','1');
Insert into ref_book_attribute (ID,REF_BOOK_ID,NAME,ALIAS,TYPE,ORD,REFERENCE_ID,ATTRIBUTE_ID,VISIBLE,PRECISION,WIDTH,REQUIRED,IS_UNIQUE,SORT_ORDER,FORMAT,READ_ONLY,MAX_LENGTH) values ('3000','8','Принадлежность к ЭНС','E','2','7',null,null,'0','0','10','0','0',null,'6','0','1');
Insert into ref_book_attribute (ID,REF_BOOK_ID,NAME,ALIAS,TYPE,ORD,REFERENCE_ID,ATTRIBUTE_ID,VISIBLE,PRECISION,WIDTH,REQUIRED,IS_UNIQUE,SORT_ORDER,FORMAT,READ_ONLY,MAX_LENGTH) values ('821','8','Дата окончания периода','END_DATE','3','10',null,null,'1',null,'10','1','0',null,'5','0',null);
Insert into ref_book_attribute (ID,REF_BOOK_ID,NAME,ALIAS,TYPE,ORD,REFERENCE_ID,ATTRIBUTE_ID,VISIBLE,PRECISION,WIDTH,REQUIRED,IS_UNIQUE,SORT_ORDER,FORMAT,READ_ONLY,MAX_LENGTH) values ('27','8','Принадлежность к налогу на прибыль','I','2','2',null,null,'0','0','10','0','0',null,'6','0','1');
Insert into ref_book_attribute (ID,REF_BOOK_ID,NAME,ALIAS,TYPE,ORD,REFERENCE_ID,ATTRIBUTE_ID,VISIBLE,PRECISION,WIDTH,REQUIRED,IS_UNIQUE,SORT_ORDER,FORMAT,READ_ONLY,MAX_LENGTH) values ('26','8','Наименование','NAME','1','1',null,null,'1',null,'30','1','0',null,null,'0','255');
Insert into ref_book_attribute (ID,REF_BOOK_ID,NAME,ALIAS,TYPE,ORD,REFERENCE_ID,ATTRIBUTE_ID,VISIBLE,PRECISION,WIDTH,REQUIRED,IS_UNIQUE,SORT_ORDER,FORMAT,READ_ONLY,MAX_LENGTH) values ('29','8','Принадлежность к налогу на имущество','P','2','4',null,null,'0','0','10','0','0',null,'6','0','1');
Insert into ref_book_attribute (ID,REF_BOOK_ID,NAME,ALIAS,TYPE,ORD,REFERENCE_ID,ATTRIBUTE_ID,VISIBLE,PRECISION,WIDTH,REQUIRED,IS_UNIQUE,SORT_ORDER,FORMAT,READ_ONLY,MAX_LENGTH) values ('820','8','Дата начала периода','START_DATE','3','9',null,null,'1',null,'10','1','0',null,'5','0',null);
Insert into ref_book_attribute (ID,REF_BOOK_ID,NAME,ALIAS,TYPE,ORD,REFERENCE_ID,ATTRIBUTE_ID,VISIBLE,PRECISION,WIDTH,REQUIRED,IS_UNIQUE,SORT_ORDER,FORMAT,READ_ONLY,MAX_LENGTH) values ('28','8','Принадлежность к транспортному налогу','T','2','3',null,null,'0','0','10','0','0',null,'6','0','1');
Insert into ref_book_attribute (ID,REF_BOOK_ID,NAME,ALIAS,TYPE,ORD,REFERENCE_ID,ATTRIBUTE_ID,VISIBLE,PRECISION,WIDTH,REQUIRED,IS_UNIQUE,SORT_ORDER,FORMAT,READ_ONLY,MAX_LENGTH) values ('30','8','Принадлежность к налогу НДС','V','2','5',null,null,'0','0','10','0','0',null,'6','0','1');


Insert into ref_book_value (RECORD_ID,ATTRIBUTE_ID,STRING_VALUE,NUMBER_VALUE,DATE_VALUE,REFERENCE_VALUE) values ('181204','25','01',null,null,null);
Insert into ref_book_value (RECORD_ID,ATTRIBUTE_ID,STRING_VALUE,NUMBER_VALUE,DATE_VALUE,REFERENCE_VALUE) values ('181204','26','январь',null,null,null);
Insert into ref_book_value (RECORD_ID,ATTRIBUTE_ID,STRING_VALUE,NUMBER_VALUE,DATE_VALUE,REFERENCE_VALUE) values ('181204','27',null,'0',null,null);
Insert into ref_book_value (RECORD_ID,ATTRIBUTE_ID,STRING_VALUE,NUMBER_VALUE,DATE_VALUE,REFERENCE_VALUE) values ('181204','28',null,'0',null,null);
Insert into ref_book_value (RECORD_ID,ATTRIBUTE_ID,STRING_VALUE,NUMBER_VALUE,DATE_VALUE,REFERENCE_VALUE) values ('181204','29',null,'0',null,null);
Insert into ref_book_value (RECORD_ID,ATTRIBUTE_ID,STRING_VALUE,NUMBER_VALUE,DATE_VALUE,REFERENCE_VALUE) values ('181204','30',null,'0',null,null);
Insert into ref_book_value (RECORD_ID,ATTRIBUTE_ID,STRING_VALUE,NUMBER_VALUE,DATE_VALUE,REFERENCE_VALUE) values ('181204','31',null,'0',null,null);
Insert into ref_book_value (RECORD_ID,ATTRIBUTE_ID,STRING_VALUE,NUMBER_VALUE,DATE_VALUE,REFERENCE_VALUE) values ('181204','820',null,null,to_date('01.01.70','DD.MM.RR'),null);
Insert into ref_book_value (RECORD_ID,ATTRIBUTE_ID,STRING_VALUE,NUMBER_VALUE,DATE_VALUE,REFERENCE_VALUE) values ('181204','821',null,null,to_date('31.01.70','DD.MM.RR'),null);
Insert into ref_book_value (RECORD_ID,ATTRIBUTE_ID,STRING_VALUE,NUMBER_VALUE,DATE_VALUE,REFERENCE_VALUE) values ('181204','844',null,null,to_date('01.01.70','DD.MM.RR'),null);
Insert into ref_book_value (RECORD_ID,ATTRIBUTE_ID,STRING_VALUE,NUMBER_VALUE,DATE_VALUE,REFERENCE_VALUE) values ('181204','3000',null,'0',null,null);
Insert into ref_book_value (RECORD_ID,ATTRIBUTE_ID,STRING_VALUE,NUMBER_VALUE,DATE_VALUE,REFERENCE_VALUE) values ('181205','25','02',null,null,null);
Insert into ref_book_value (RECORD_ID,ATTRIBUTE_ID,STRING_VALUE,NUMBER_VALUE,DATE_VALUE,REFERENCE_VALUE) values ('181205','26','февраль',null,null,null);
Insert into ref_book_value (RECORD_ID,ATTRIBUTE_ID,STRING_VALUE,NUMBER_VALUE,DATE_VALUE,REFERENCE_VALUE) values ('181205','27',null,'0',null,null);
Insert into ref_book_value (RECORD_ID,ATTRIBUTE_ID,STRING_VALUE,NUMBER_VALUE,DATE_VALUE,REFERENCE_VALUE) values ('181205','28',null,'0',null,null);
Insert into ref_book_value (RECORD_ID,ATTRIBUTE_ID,STRING_VALUE,NUMBER_VALUE,DATE_VALUE,REFERENCE_VALUE) values ('181205','29',null,'0',null,null);
Insert into ref_book_value (RECORD_ID,ATTRIBUTE_ID,STRING_VALUE,NUMBER_VALUE,DATE_VALUE,REFERENCE_VALUE) values ('181205','30',null,'0',null,null);
Insert into ref_book_value (RECORD_ID,ATTRIBUTE_ID,STRING_VALUE,NUMBER_VALUE,DATE_VALUE,REFERENCE_VALUE) values ('181205','31',null,'0',null,null);
Insert into ref_book_value (RECORD_ID,ATTRIBUTE_ID,STRING_VALUE,NUMBER_VALUE,DATE_VALUE,REFERENCE_VALUE) values ('181205','820',null,null,to_date('01.02.70','DD.MM.RR'),null);
Insert into ref_book_value (RECORD_ID,ATTRIBUTE_ID,STRING_VALUE,NUMBER_VALUE,DATE_VALUE,REFERENCE_VALUE) values ('181205','821',null,null,to_date('28.02.70','DD.MM.RR'),null);
Insert into ref_book_value (RECORD_ID,ATTRIBUTE_ID,STRING_VALUE,NUMBER_VALUE,DATE_VALUE,REFERENCE_VALUE) values ('181205','844',null,null,to_date('01.02.70','DD.MM.RR'),null);
Insert into ref_book_value (RECORD_ID,ATTRIBUTE_ID,STRING_VALUE,NUMBER_VALUE,DATE_VALUE,REFERENCE_VALUE) values ('181205','3000',null,'0',null,null);
Insert into ref_book_value (RECORD_ID,ATTRIBUTE_ID,STRING_VALUE,NUMBER_VALUE,DATE_VALUE,REFERENCE_VALUE) values ('181207','25','04',null,null,null);
Insert into ref_book_value (RECORD_ID,ATTRIBUTE_ID,STRING_VALUE,NUMBER_VALUE,DATE_VALUE,REFERENCE_VALUE) values ('181207','26','апрель',null,null,null);
Insert into ref_book_value (RECORD_ID,ATTRIBUTE_ID,STRING_VALUE,NUMBER_VALUE,DATE_VALUE,REFERENCE_VALUE) values ('181207','27',null,'0',null,null);
Insert into ref_book_value (RECORD_ID,ATTRIBUTE_ID,STRING_VALUE,NUMBER_VALUE,DATE_VALUE,REFERENCE_VALUE) values ('181207','28',null,'0',null,null);
Insert into ref_book_value (RECORD_ID,ATTRIBUTE_ID,STRING_VALUE,NUMBER_VALUE,DATE_VALUE,REFERENCE_VALUE) values ('181207','29',null,'0',null,null);
Insert into ref_book_value (RECORD_ID,ATTRIBUTE_ID,STRING_VALUE,NUMBER_VALUE,DATE_VALUE,REFERENCE_VALUE) values ('181207','30',null,'0',null,null);
Insert into ref_book_value (RECORD_ID,ATTRIBUTE_ID,STRING_VALUE,NUMBER_VALUE,DATE_VALUE,REFERENCE_VALUE) values ('181207','31',null,'0',null,null);
Insert into ref_book_value (RECORD_ID,ATTRIBUTE_ID,STRING_VALUE,NUMBER_VALUE,DATE_VALUE,REFERENCE_VALUE) values ('181207','820',null,null,to_date('01.04.70','DD.MM.RR'),null);
Insert into ref_book_value (RECORD_ID,ATTRIBUTE_ID,STRING_VALUE,NUMBER_VALUE,DATE_VALUE,REFERENCE_VALUE) values ('181207','821',null,null,to_date('30.04.70','DD.MM.RR'),null);
Insert into ref_book_value (RECORD_ID,ATTRIBUTE_ID,STRING_VALUE,NUMBER_VALUE,DATE_VALUE,REFERENCE_VALUE) values ('181207','844',null,null,to_date('01.04.70','DD.MM.RR'),null);
Insert into ref_book_value (RECORD_ID,ATTRIBUTE_ID,STRING_VALUE,NUMBER_VALUE,DATE_VALUE,REFERENCE_VALUE) values ('181207','3000',null,'0',null,null);
Insert into ref_book_value (RECORD_ID,ATTRIBUTE_ID,STRING_VALUE,NUMBER_VALUE,DATE_VALUE,REFERENCE_VALUE) values ('181206','25','03',null,null,null);
Insert into ref_book_value (RECORD_ID,ATTRIBUTE_ID,STRING_VALUE,NUMBER_VALUE,DATE_VALUE,REFERENCE_VALUE) values ('181206','26','март',null,null,null);
Insert into ref_book_value (RECORD_ID,ATTRIBUTE_ID,STRING_VALUE,NUMBER_VALUE,DATE_VALUE,REFERENCE_VALUE) values ('181206','27',null,'0',null,null);
Insert into ref_book_value (RECORD_ID,ATTRIBUTE_ID,STRING_VALUE,NUMBER_VALUE,DATE_VALUE,REFERENCE_VALUE) values ('181206','28',null,'0',null,null);
Insert into ref_book_value (RECORD_ID,ATTRIBUTE_ID,STRING_VALUE,NUMBER_VALUE,DATE_VALUE,REFERENCE_VALUE) values ('181206','29',null,'0',null,null);
Insert into ref_book_value (RECORD_ID,ATTRIBUTE_ID,STRING_VALUE,NUMBER_VALUE,DATE_VALUE,REFERENCE_VALUE) values ('181206','30',null,'0',null,null);
Insert into ref_book_value (RECORD_ID,ATTRIBUTE_ID,STRING_VALUE,NUMBER_VALUE,DATE_VALUE,REFERENCE_VALUE) values ('181206','31',null,'0',null,null);
Insert into ref_book_value (RECORD_ID,ATTRIBUTE_ID,STRING_VALUE,NUMBER_VALUE,DATE_VALUE,REFERENCE_VALUE) values ('181206','820',null,null,to_date('01.03.70','DD.MM.RR'),null);
Insert into ref_book_value (RECORD_ID,ATTRIBUTE_ID,STRING_VALUE,NUMBER_VALUE,DATE_VALUE,REFERENCE_VALUE) values ('181206','821',null,null,to_date('31.03.70','DD.MM.RR'),null);
Insert into ref_book_value (RECORD_ID,ATTRIBUTE_ID,STRING_VALUE,NUMBER_VALUE,DATE_VALUE,REFERENCE_VALUE) values ('181206','844',null,null,to_date('01.03.70','DD.MM.RR'),null);
Insert into ref_book_value (RECORD_ID,ATTRIBUTE_ID,STRING_VALUE,NUMBER_VALUE,DATE_VALUE,REFERENCE_VALUE) values ('181206','3000',null,'0',null,null);
Insert into ref_book_value (RECORD_ID,ATTRIBUTE_ID,STRING_VALUE,NUMBER_VALUE,DATE_VALUE,REFERENCE_VALUE) values ('181208','25','05',null,null,null);
Insert into ref_book_value (RECORD_ID,ATTRIBUTE_ID,STRING_VALUE,NUMBER_VALUE,DATE_VALUE,REFERENCE_VALUE) values ('181208','26','май',null,null,null);
Insert into ref_book_value (RECORD_ID,ATTRIBUTE_ID,STRING_VALUE,NUMBER_VALUE,DATE_VALUE,REFERENCE_VALUE) values ('181208','27',null,'0',null,null);
Insert into ref_book_value (RECORD_ID,ATTRIBUTE_ID,STRING_VALUE,NUMBER_VALUE,DATE_VALUE,REFERENCE_VALUE) values ('181208','28',null,'0',null,null);
Insert into ref_book_value (RECORD_ID,ATTRIBUTE_ID,STRING_VALUE,NUMBER_VALUE,DATE_VALUE,REFERENCE_VALUE) values ('181208','29',null,'0',null,null);
Insert into ref_book_value (RECORD_ID,ATTRIBUTE_ID,STRING_VALUE,NUMBER_VALUE,DATE_VALUE,REFERENCE_VALUE) values ('181208','30',null,'0',null,null);
Insert into ref_book_value (RECORD_ID,ATTRIBUTE_ID,STRING_VALUE,NUMBER_VALUE,DATE_VALUE,REFERENCE_VALUE) values ('181208','31',null,'0',null,null);
Insert into ref_book_value (RECORD_ID,ATTRIBUTE_ID,STRING_VALUE,NUMBER_VALUE,DATE_VALUE,REFERENCE_VALUE) values ('181208','820',null,null,to_date('01.05.70','DD.MM.RR'),null);
Insert into ref_book_value (RECORD_ID,ATTRIBUTE_ID,STRING_VALUE,NUMBER_VALUE,DATE_VALUE,REFERENCE_VALUE) values ('181208','821',null,null,to_date('31.05.70','DD.MM.RR'),null);
Insert into ref_book_value (RECORD_ID,ATTRIBUTE_ID,STRING_VALUE,NUMBER_VALUE,DATE_VALUE,REFERENCE_VALUE) values ('181208','844',null,null,to_date('01.05.70','DD.MM.RR'),null);
Insert into ref_book_value (RECORD_ID,ATTRIBUTE_ID,STRING_VALUE,NUMBER_VALUE,DATE_VALUE,REFERENCE_VALUE) values ('181208','3000',null,'0',null,null);
Insert into ref_book_value (RECORD_ID,ATTRIBUTE_ID,STRING_VALUE,NUMBER_VALUE,DATE_VALUE,REFERENCE_VALUE) values ('181209','25','06',null,null,null);
Insert into ref_book_value (RECORD_ID,ATTRIBUTE_ID,STRING_VALUE,NUMBER_VALUE,DATE_VALUE,REFERENCE_VALUE) values ('181209','26','июнь',null,null,null);
Insert into ref_book_value (RECORD_ID,ATTRIBUTE_ID,STRING_VALUE,NUMBER_VALUE,DATE_VALUE,REFERENCE_VALUE) values ('181209','27',null,'0',null,null);
Insert into ref_book_value (RECORD_ID,ATTRIBUTE_ID,STRING_VALUE,NUMBER_VALUE,DATE_VALUE,REFERENCE_VALUE) values ('181209','28',null,'0',null,null);
Insert into ref_book_value (RECORD_ID,ATTRIBUTE_ID,STRING_VALUE,NUMBER_VALUE,DATE_VALUE,REFERENCE_VALUE) values ('181209','29',null,'0',null,null);
Insert into ref_book_value (RECORD_ID,ATTRIBUTE_ID,STRING_VALUE,NUMBER_VALUE,DATE_VALUE,REFERENCE_VALUE) values ('181209','30',null,'0',null,null);
Insert into ref_book_value (RECORD_ID,ATTRIBUTE_ID,STRING_VALUE,NUMBER_VALUE,DATE_VALUE,REFERENCE_VALUE) values ('181209','31',null,'0',null,null);
Insert into ref_book_value (RECORD_ID,ATTRIBUTE_ID,STRING_VALUE,NUMBER_VALUE,DATE_VALUE,REFERENCE_VALUE) values ('181209','820',null,null,to_date('01.06.70','DD.MM.RR'),null);
Insert into ref_book_value (RECORD_ID,ATTRIBUTE_ID,STRING_VALUE,NUMBER_VALUE,DATE_VALUE,REFERENCE_VALUE) values ('181209','821',null,null,to_date('30.06.70','DD.MM.RR'),null);
Insert into ref_book_value (RECORD_ID,ATTRIBUTE_ID,STRING_VALUE,NUMBER_VALUE,DATE_VALUE,REFERENCE_VALUE) values ('181209','844',null,null,to_date('01.06.70','DD.MM.RR'),null);
Insert into ref_book_value (RECORD_ID,ATTRIBUTE_ID,STRING_VALUE,NUMBER_VALUE,DATE_VALUE,REFERENCE_VALUE) values ('181209','3000',null,'0',null,null);
Insert into ref_book_value (RECORD_ID,ATTRIBUTE_ID,STRING_VALUE,NUMBER_VALUE,DATE_VALUE,REFERENCE_VALUE) values ('181210','25','07',null,null,null);
Insert into ref_book_value (RECORD_ID,ATTRIBUTE_ID,STRING_VALUE,NUMBER_VALUE,DATE_VALUE,REFERENCE_VALUE) values ('181210','26','июль',null,null,null);
Insert into ref_book_value (RECORD_ID,ATTRIBUTE_ID,STRING_VALUE,NUMBER_VALUE,DATE_VALUE,REFERENCE_VALUE) values ('181210','27',null,'0',null,null);
Insert into ref_book_value (RECORD_ID,ATTRIBUTE_ID,STRING_VALUE,NUMBER_VALUE,DATE_VALUE,REFERENCE_VALUE) values ('181210','28',null,'0',null,null);
Insert into ref_book_value (RECORD_ID,ATTRIBUTE_ID,STRING_VALUE,NUMBER_VALUE,DATE_VALUE,REFERENCE_VALUE) values ('181210','29',null,'0',null,null);
Insert into ref_book_value (RECORD_ID,ATTRIBUTE_ID,STRING_VALUE,NUMBER_VALUE,DATE_VALUE,REFERENCE_VALUE) values ('181210','30',null,'0',null,null);
Insert into ref_book_value (RECORD_ID,ATTRIBUTE_ID,STRING_VALUE,NUMBER_VALUE,DATE_VALUE,REFERENCE_VALUE) values ('181210','31',null,'0',null,null);
Insert into ref_book_value (RECORD_ID,ATTRIBUTE_ID,STRING_VALUE,NUMBER_VALUE,DATE_VALUE,REFERENCE_VALUE) values ('181210','820',null,null,to_date('01.07.70','DD.MM.RR'),null);
Insert into ref_book_value (RECORD_ID,ATTRIBUTE_ID,STRING_VALUE,NUMBER_VALUE,DATE_VALUE,REFERENCE_VALUE) values ('181210','821',null,null,to_date('31.07.70','DD.MM.RR'),null);
Insert into ref_book_value (RECORD_ID,ATTRIBUTE_ID,STRING_VALUE,NUMBER_VALUE,DATE_VALUE,REFERENCE_VALUE) values ('181210','844',null,null,to_date('01.07.70','DD.MM.RR'),null);
Insert into ref_book_value (RECORD_ID,ATTRIBUTE_ID,STRING_VALUE,NUMBER_VALUE,DATE_VALUE,REFERENCE_VALUE) values ('181210','3000',null,'0',null,null);
Insert into ref_book_value (RECORD_ID,ATTRIBUTE_ID,STRING_VALUE,NUMBER_VALUE,DATE_VALUE,REFERENCE_VALUE) values ('181211','25','08',null,null,null);
Insert into ref_book_value (RECORD_ID,ATTRIBUTE_ID,STRING_VALUE,NUMBER_VALUE,DATE_VALUE,REFERENCE_VALUE) values ('181211','26','август',null,null,null);
Insert into ref_book_value (RECORD_ID,ATTRIBUTE_ID,STRING_VALUE,NUMBER_VALUE,DATE_VALUE,REFERENCE_VALUE) values ('181211','27',null,'0',null,null);
Insert into ref_book_value (RECORD_ID,ATTRIBUTE_ID,STRING_VALUE,NUMBER_VALUE,DATE_VALUE,REFERENCE_VALUE) values ('181211','28',null,'0',null,null);
Insert into ref_book_value (RECORD_ID,ATTRIBUTE_ID,STRING_VALUE,NUMBER_VALUE,DATE_VALUE,REFERENCE_VALUE) values ('181211','29',null,'0',null,null);
Insert into ref_book_value (RECORD_ID,ATTRIBUTE_ID,STRING_VALUE,NUMBER_VALUE,DATE_VALUE,REFERENCE_VALUE) values ('181211','30',null,'0',null,null);
Insert into ref_book_value (RECORD_ID,ATTRIBUTE_ID,STRING_VALUE,NUMBER_VALUE,DATE_VALUE,REFERENCE_VALUE) values ('181211','31',null,'0',null,null);
Insert into ref_book_value (RECORD_ID,ATTRIBUTE_ID,STRING_VALUE,NUMBER_VALUE,DATE_VALUE,REFERENCE_VALUE) values ('181211','820',null,null,to_date('01.08.70','DD.MM.RR'),null);
Insert into ref_book_value (RECORD_ID,ATTRIBUTE_ID,STRING_VALUE,NUMBER_VALUE,DATE_VALUE,REFERENCE_VALUE) values ('181211','821',null,null,to_date('31.08.70','DD.MM.RR'),null);
Insert into ref_book_value (RECORD_ID,ATTRIBUTE_ID,STRING_VALUE,NUMBER_VALUE,DATE_VALUE,REFERENCE_VALUE) values ('181211','844',null,null,to_date('01.08.70','DD.MM.RR'),null);
Insert into ref_book_value (RECORD_ID,ATTRIBUTE_ID,STRING_VALUE,NUMBER_VALUE,DATE_VALUE,REFERENCE_VALUE) values ('181211','3000',null,'0',null,null);
Insert into ref_book_value (RECORD_ID,ATTRIBUTE_ID,STRING_VALUE,NUMBER_VALUE,DATE_VALUE,REFERENCE_VALUE) values ('181212','25','09',null,null,null);
Insert into ref_book_value (RECORD_ID,ATTRIBUTE_ID,STRING_VALUE,NUMBER_VALUE,DATE_VALUE,REFERENCE_VALUE) values ('181212','26','сентябрь',null,null,null);
Insert into ref_book_value (RECORD_ID,ATTRIBUTE_ID,STRING_VALUE,NUMBER_VALUE,DATE_VALUE,REFERENCE_VALUE) values ('181212','27',null,'0',null,null);
Insert into ref_book_value (RECORD_ID,ATTRIBUTE_ID,STRING_VALUE,NUMBER_VALUE,DATE_VALUE,REFERENCE_VALUE) values ('181212','28',null,'0',null,null);
Insert into ref_book_value (RECORD_ID,ATTRIBUTE_ID,STRING_VALUE,NUMBER_VALUE,DATE_VALUE,REFERENCE_VALUE) values ('181212','29',null,'0',null,null);
Insert into ref_book_value (RECORD_ID,ATTRIBUTE_ID,STRING_VALUE,NUMBER_VALUE,DATE_VALUE,REFERENCE_VALUE) values ('181212','30',null,'0',null,null);
Insert into ref_book_value (RECORD_ID,ATTRIBUTE_ID,STRING_VALUE,NUMBER_VALUE,DATE_VALUE,REFERENCE_VALUE) values ('181212','31',null,'0',null,null);
Insert into ref_book_value (RECORD_ID,ATTRIBUTE_ID,STRING_VALUE,NUMBER_VALUE,DATE_VALUE,REFERENCE_VALUE) values ('181212','820',null,null,to_date('01.09.70','DD.MM.RR'),null);
Insert into ref_book_value (RECORD_ID,ATTRIBUTE_ID,STRING_VALUE,NUMBER_VALUE,DATE_VALUE,REFERENCE_VALUE) values ('181212','821',null,null,to_date('30.09.70','DD.MM.RR'),null);
Insert into ref_book_value (RECORD_ID,ATTRIBUTE_ID,STRING_VALUE,NUMBER_VALUE,DATE_VALUE,REFERENCE_VALUE) values ('181212','844',null,null,to_date('01.09.70','DD.MM.RR'),null);
Insert into ref_book_value (RECORD_ID,ATTRIBUTE_ID,STRING_VALUE,NUMBER_VALUE,DATE_VALUE,REFERENCE_VALUE) values ('181212','3000',null,'0',null,null);
Insert into ref_book_value (RECORD_ID,ATTRIBUTE_ID,STRING_VALUE,NUMBER_VALUE,DATE_VALUE,REFERENCE_VALUE) values ('181213','25','10',null,null,null);
Insert into ref_book_value (RECORD_ID,ATTRIBUTE_ID,STRING_VALUE,NUMBER_VALUE,DATE_VALUE,REFERENCE_VALUE) values ('181213','26','октябрь',null,null,null);
Insert into ref_book_value (RECORD_ID,ATTRIBUTE_ID,STRING_VALUE,NUMBER_VALUE,DATE_VALUE,REFERENCE_VALUE) values ('181213','27',null,'0',null,null);
Insert into ref_book_value (RECORD_ID,ATTRIBUTE_ID,STRING_VALUE,NUMBER_VALUE,DATE_VALUE,REFERENCE_VALUE) values ('181213','28',null,'0',null,null);
Insert into ref_book_value (RECORD_ID,ATTRIBUTE_ID,STRING_VALUE,NUMBER_VALUE,DATE_VALUE,REFERENCE_VALUE) values ('181213','29',null,'0',null,null);
Insert into ref_book_value (RECORD_ID,ATTRIBUTE_ID,STRING_VALUE,NUMBER_VALUE,DATE_VALUE,REFERENCE_VALUE) values ('181213','30',null,'0',null,null);
Insert into ref_book_value (RECORD_ID,ATTRIBUTE_ID,STRING_VALUE,NUMBER_VALUE,DATE_VALUE,REFERENCE_VALUE) values ('181213','31',null,'0',null,null);
Insert into ref_book_value (RECORD_ID,ATTRIBUTE_ID,STRING_VALUE,NUMBER_VALUE,DATE_VALUE,REFERENCE_VALUE) values ('181213','820',null,null,to_date('01.10.70','DD.MM.RR'),null);
Insert into ref_book_value (RECORD_ID,ATTRIBUTE_ID,STRING_VALUE,NUMBER_VALUE,DATE_VALUE,REFERENCE_VALUE) values ('181213','821',null,null,to_date('31.10.70','DD.MM.RR'),null);
Insert into ref_book_value (RECORD_ID,ATTRIBUTE_ID,STRING_VALUE,NUMBER_VALUE,DATE_VALUE,REFERENCE_VALUE) values ('181213','844',null,null,to_date('01.10.70','DD.MM.RR'),null);
Insert into ref_book_value (RECORD_ID,ATTRIBUTE_ID,STRING_VALUE,NUMBER_VALUE,DATE_VALUE,REFERENCE_VALUE) values ('181213','3000',null,'0',null,null);
Insert into ref_book_value (RECORD_ID,ATTRIBUTE_ID,STRING_VALUE,NUMBER_VALUE,DATE_VALUE,REFERENCE_VALUE) values ('181214','25','11',null,null,null);
Insert into ref_book_value (RECORD_ID,ATTRIBUTE_ID,STRING_VALUE,NUMBER_VALUE,DATE_VALUE,REFERENCE_VALUE) values ('181214','26','ноябрь',null,null,null);
Insert into ref_book_value (RECORD_ID,ATTRIBUTE_ID,STRING_VALUE,NUMBER_VALUE,DATE_VALUE,REFERENCE_VALUE) values ('181214','27',null,'0',null,null);
Insert into ref_book_value (RECORD_ID,ATTRIBUTE_ID,STRING_VALUE,NUMBER_VALUE,DATE_VALUE,REFERENCE_VALUE) values ('181214','28',null,'0',null,null);
Insert into ref_book_value (RECORD_ID,ATTRIBUTE_ID,STRING_VALUE,NUMBER_VALUE,DATE_VALUE,REFERENCE_VALUE) values ('181214','29',null,'0',null,null);
Insert into ref_book_value (RECORD_ID,ATTRIBUTE_ID,STRING_VALUE,NUMBER_VALUE,DATE_VALUE,REFERENCE_VALUE) values ('181214','30',null,'0',null,null);
Insert into ref_book_value (RECORD_ID,ATTRIBUTE_ID,STRING_VALUE,NUMBER_VALUE,DATE_VALUE,REFERENCE_VALUE) values ('181214','31',null,'0',null,null);
Insert into ref_book_value (RECORD_ID,ATTRIBUTE_ID,STRING_VALUE,NUMBER_VALUE,DATE_VALUE,REFERENCE_VALUE) values ('181214','820',null,null,to_date('01.11.70','DD.MM.RR'),null);
Insert into ref_book_value (RECORD_ID,ATTRIBUTE_ID,STRING_VALUE,NUMBER_VALUE,DATE_VALUE,REFERENCE_VALUE) values ('181214','821',null,null,to_date('30.11.70','DD.MM.RR'),null);
Insert into ref_book_value (RECORD_ID,ATTRIBUTE_ID,STRING_VALUE,NUMBER_VALUE,DATE_VALUE,REFERENCE_VALUE) values ('181214','844',null,null,to_date('01.11.70','DD.MM.RR'),null);
Insert into ref_book_value (RECORD_ID,ATTRIBUTE_ID,STRING_VALUE,NUMBER_VALUE,DATE_VALUE,REFERENCE_VALUE) values ('181214','3000',null,'0',null,null);
Insert into ref_book_value (RECORD_ID,ATTRIBUTE_ID,STRING_VALUE,NUMBER_VALUE,DATE_VALUE,REFERENCE_VALUE) values ('181215','25','12',null,null,null);
Insert into ref_book_value (RECORD_ID,ATTRIBUTE_ID,STRING_VALUE,NUMBER_VALUE,DATE_VALUE,REFERENCE_VALUE) values ('181215','26','декабрь',null,null,null);
Insert into ref_book_value (RECORD_ID,ATTRIBUTE_ID,STRING_VALUE,NUMBER_VALUE,DATE_VALUE,REFERENCE_VALUE) values ('181215','27',null,'0',null,null);
Insert into ref_book_value (RECORD_ID,ATTRIBUTE_ID,STRING_VALUE,NUMBER_VALUE,DATE_VALUE,REFERENCE_VALUE) values ('181215','28',null,'0',null,null);
Insert into ref_book_value (RECORD_ID,ATTRIBUTE_ID,STRING_VALUE,NUMBER_VALUE,DATE_VALUE,REFERENCE_VALUE) values ('181215','29',null,'0',null,null);
Insert into ref_book_value (RECORD_ID,ATTRIBUTE_ID,STRING_VALUE,NUMBER_VALUE,DATE_VALUE,REFERENCE_VALUE) values ('181215','30',null,'0',null,null);
Insert into ref_book_value (RECORD_ID,ATTRIBUTE_ID,STRING_VALUE,NUMBER_VALUE,DATE_VALUE,REFERENCE_VALUE) values ('181215','31',null,'0',null,null);
Insert into ref_book_value (RECORD_ID,ATTRIBUTE_ID,STRING_VALUE,NUMBER_VALUE,DATE_VALUE,REFERENCE_VALUE) values ('181215','820',null,null,to_date('01.12.70','DD.MM.RR'),null);
Insert into ref_book_value (RECORD_ID,ATTRIBUTE_ID,STRING_VALUE,NUMBER_VALUE,DATE_VALUE,REFERENCE_VALUE) values ('181215','821',null,null,to_date('31.12.70','DD.MM.RR'),null);
Insert into ref_book_value (RECORD_ID,ATTRIBUTE_ID,STRING_VALUE,NUMBER_VALUE,DATE_VALUE,REFERENCE_VALUE) values ('181215','844',null,null,to_date('01.12.70','DD.MM.RR'),null);
Insert into ref_book_value (RECORD_ID,ATTRIBUTE_ID,STRING_VALUE,NUMBER_VALUE,DATE_VALUE,REFERENCE_VALUE) values ('181215','3000',null,'0',null,null);
Insert into ref_book_value (RECORD_ID,ATTRIBUTE_ID,STRING_VALUE,NUMBER_VALUE,DATE_VALUE,REFERENCE_VALUE) values ('181216','25','13',null,null,null);
Insert into ref_book_value (RECORD_ID,ATTRIBUTE_ID,STRING_VALUE,NUMBER_VALUE,DATE_VALUE,REFERENCE_VALUE) values ('181216','26','первый квартал по консолидированной группе налогоплательщиков',null,null,null);
Insert into ref_book_value (RECORD_ID,ATTRIBUTE_ID,STRING_VALUE,NUMBER_VALUE,DATE_VALUE,REFERENCE_VALUE) values ('181216','27',null,'0',null,null);
Insert into ref_book_value (RECORD_ID,ATTRIBUTE_ID,STRING_VALUE,NUMBER_VALUE,DATE_VALUE,REFERENCE_VALUE) values ('181216','28',null,'0',null,null);
Insert into ref_book_value (RECORD_ID,ATTRIBUTE_ID,STRING_VALUE,NUMBER_VALUE,DATE_VALUE,REFERENCE_VALUE) values ('181216','29',null,'0',null,null);
Insert into ref_book_value (RECORD_ID,ATTRIBUTE_ID,STRING_VALUE,NUMBER_VALUE,DATE_VALUE,REFERENCE_VALUE) values ('181216','30',null,'0',null,null);
Insert into ref_book_value (RECORD_ID,ATTRIBUTE_ID,STRING_VALUE,NUMBER_VALUE,DATE_VALUE,REFERENCE_VALUE) values ('181216','31',null,'0',null,null);
Insert into ref_book_value (RECORD_ID,ATTRIBUTE_ID,STRING_VALUE,NUMBER_VALUE,DATE_VALUE,REFERENCE_VALUE) values ('181216','3000',null,'0',null,null);
Insert into ref_book_value (RECORD_ID,ATTRIBUTE_ID,STRING_VALUE,NUMBER_VALUE,DATE_VALUE,REFERENCE_VALUE) values ('181217','25','14',null,null,null);
Insert into ref_book_value (RECORD_ID,ATTRIBUTE_ID,STRING_VALUE,NUMBER_VALUE,DATE_VALUE,REFERENCE_VALUE) values ('181217','26','полугодие по консолидированной группе налогоплательщиков',null,null,null);
Insert into ref_book_value (RECORD_ID,ATTRIBUTE_ID,STRING_VALUE,NUMBER_VALUE,DATE_VALUE,REFERENCE_VALUE) values ('181217','27',null,'0',null,null);
Insert into ref_book_value (RECORD_ID,ATTRIBUTE_ID,STRING_VALUE,NUMBER_VALUE,DATE_VALUE,REFERENCE_VALUE) values ('181217','28',null,'0',null,null);
Insert into ref_book_value (RECORD_ID,ATTRIBUTE_ID,STRING_VALUE,NUMBER_VALUE,DATE_VALUE,REFERENCE_VALUE) values ('181217','29',null,'0',null,null);
Insert into ref_book_value (RECORD_ID,ATTRIBUTE_ID,STRING_VALUE,NUMBER_VALUE,DATE_VALUE,REFERENCE_VALUE) values ('181217','30',null,'0',null,null);
Insert into ref_book_value (RECORD_ID,ATTRIBUTE_ID,STRING_VALUE,NUMBER_VALUE,DATE_VALUE,REFERENCE_VALUE) values ('181217','31',null,'0',null,null);
Insert into ref_book_value (RECORD_ID,ATTRIBUTE_ID,STRING_VALUE,NUMBER_VALUE,DATE_VALUE,REFERENCE_VALUE) values ('181217','3000',null,'0',null,null);
Insert into ref_book_value (RECORD_ID,ATTRIBUTE_ID,STRING_VALUE,NUMBER_VALUE,DATE_VALUE,REFERENCE_VALUE) values ('181218','25','15',null,null,null);
Insert into ref_book_value (RECORD_ID,ATTRIBUTE_ID,STRING_VALUE,NUMBER_VALUE,DATE_VALUE,REFERENCE_VALUE) values ('181218','26','девять месяцев по консолидированной группе налогоплательщиков',null,null,null);
Insert into ref_book_value (RECORD_ID,ATTRIBUTE_ID,STRING_VALUE,NUMBER_VALUE,DATE_VALUE,REFERENCE_VALUE) values ('181218','27',null,'0',null,null);
Insert into ref_book_value (RECORD_ID,ATTRIBUTE_ID,STRING_VALUE,NUMBER_VALUE,DATE_VALUE,REFERENCE_VALUE) values ('181218','28',null,'0',null,null);
Insert into ref_book_value (RECORD_ID,ATTRIBUTE_ID,STRING_VALUE,NUMBER_VALUE,DATE_VALUE,REFERENCE_VALUE) values ('181218','29',null,'0',null,null);
Insert into ref_book_value (RECORD_ID,ATTRIBUTE_ID,STRING_VALUE,NUMBER_VALUE,DATE_VALUE,REFERENCE_VALUE) values ('181218','30',null,'0',null,null);
Insert into ref_book_value (RECORD_ID,ATTRIBUTE_ID,STRING_VALUE,NUMBER_VALUE,DATE_VALUE,REFERENCE_VALUE) values ('181218','31',null,'0',null,null);
Insert into ref_book_value (RECORD_ID,ATTRIBUTE_ID,STRING_VALUE,NUMBER_VALUE,DATE_VALUE,REFERENCE_VALUE) values ('181218','3000',null,'0',null,null);
Insert into ref_book_value (RECORD_ID,ATTRIBUTE_ID,STRING_VALUE,NUMBER_VALUE,DATE_VALUE,REFERENCE_VALUE) values ('181219','25','16',null,null,null);
Insert into ref_book_value (RECORD_ID,ATTRIBUTE_ID,STRING_VALUE,NUMBER_VALUE,DATE_VALUE,REFERENCE_VALUE) values ('181219','26','год по консолидированной группе налогоплательщиков',null,null,null);
Insert into ref_book_value (RECORD_ID,ATTRIBUTE_ID,STRING_VALUE,NUMBER_VALUE,DATE_VALUE,REFERENCE_VALUE) values ('181219','27',null,'0',null,null);
Insert into ref_book_value (RECORD_ID,ATTRIBUTE_ID,STRING_VALUE,NUMBER_VALUE,DATE_VALUE,REFERENCE_VALUE) values ('181219','28',null,'0',null,null);
Insert into ref_book_value (RECORD_ID,ATTRIBUTE_ID,STRING_VALUE,NUMBER_VALUE,DATE_VALUE,REFERENCE_VALUE) values ('181219','29',null,'0',null,null);
Insert into ref_book_value (RECORD_ID,ATTRIBUTE_ID,STRING_VALUE,NUMBER_VALUE,DATE_VALUE,REFERENCE_VALUE) values ('181219','30',null,'0',null,null);
Insert into ref_book_value (RECORD_ID,ATTRIBUTE_ID,STRING_VALUE,NUMBER_VALUE,DATE_VALUE,REFERENCE_VALUE) values ('181219','31',null,'0',null,null);
Insert into ref_book_value (RECORD_ID,ATTRIBUTE_ID,STRING_VALUE,NUMBER_VALUE,DATE_VALUE,REFERENCE_VALUE) values ('181219','3000',null,'0',null,null);
Insert into ref_book_value (RECORD_ID,ATTRIBUTE_ID,STRING_VALUE,NUMBER_VALUE,DATE_VALUE,REFERENCE_VALUE) values ('181220','25','21',null,null,null);
Insert into ref_book_value (RECORD_ID,ATTRIBUTE_ID,STRING_VALUE,NUMBER_VALUE,DATE_VALUE,REFERENCE_VALUE) values ('181220','26','первый квартал',null,null,null);
Insert into ref_book_value (RECORD_ID,ATTRIBUTE_ID,STRING_VALUE,NUMBER_VALUE,DATE_VALUE,REFERENCE_VALUE) values ('181220','27',null,'1',null,null);
Insert into ref_book_value (RECORD_ID,ATTRIBUTE_ID,STRING_VALUE,NUMBER_VALUE,DATE_VALUE,REFERENCE_VALUE) values ('181220','28',null,'1',null,null);
Insert into ref_book_value (RECORD_ID,ATTRIBUTE_ID,STRING_VALUE,NUMBER_VALUE,DATE_VALUE,REFERENCE_VALUE) values ('181220','29',null,'1',null,null);
Insert into ref_book_value (RECORD_ID,ATTRIBUTE_ID,STRING_VALUE,NUMBER_VALUE,DATE_VALUE,REFERENCE_VALUE) values ('181220','30',null,'1',null,null);
Insert into ref_book_value (RECORD_ID,ATTRIBUTE_ID,STRING_VALUE,NUMBER_VALUE,DATE_VALUE,REFERENCE_VALUE) values ('181220','31',null,'1',null,null);
Insert into ref_book_value (RECORD_ID,ATTRIBUTE_ID,STRING_VALUE,NUMBER_VALUE,DATE_VALUE,REFERENCE_VALUE) values ('181220','820',null,null,to_date('01.01.70','DD.MM.RR'),null);
Insert into ref_book_value (RECORD_ID,ATTRIBUTE_ID,STRING_VALUE,NUMBER_VALUE,DATE_VALUE,REFERENCE_VALUE) values ('181220','821',null,null,to_date('31.03.70','DD.MM.RR'),null);
Insert into ref_book_value (RECORD_ID,ATTRIBUTE_ID,STRING_VALUE,NUMBER_VALUE,DATE_VALUE,REFERENCE_VALUE) values ('181220','844',null,null,to_date('01.01.70','DD.MM.RR'),null);
Insert into ref_book_value (RECORD_ID,ATTRIBUTE_ID,STRING_VALUE,NUMBER_VALUE,DATE_VALUE,REFERENCE_VALUE) values ('181220','3000',null,'1',null,null);
Insert into ref_book_value (RECORD_ID,ATTRIBUTE_ID,STRING_VALUE,NUMBER_VALUE,DATE_VALUE,REFERENCE_VALUE) values ('181221','25','22',null,null,null);
Insert into ref_book_value (RECORD_ID,ATTRIBUTE_ID,STRING_VALUE,NUMBER_VALUE,DATE_VALUE,REFERENCE_VALUE) values ('181221','26','второй квартал',null,null,null);
Insert into ref_book_value (RECORD_ID,ATTRIBUTE_ID,STRING_VALUE,NUMBER_VALUE,DATE_VALUE,REFERENCE_VALUE) values ('181221','27',null,'0',null,null);
Insert into ref_book_value (RECORD_ID,ATTRIBUTE_ID,STRING_VALUE,NUMBER_VALUE,DATE_VALUE,REFERENCE_VALUE) values ('181221','28',null,'1',null,null);
Insert into ref_book_value (RECORD_ID,ATTRIBUTE_ID,STRING_VALUE,NUMBER_VALUE,DATE_VALUE,REFERENCE_VALUE) values ('181221','29',null,'0',null,null);
Insert into ref_book_value (RECORD_ID,ATTRIBUTE_ID,STRING_VALUE,NUMBER_VALUE,DATE_VALUE,REFERENCE_VALUE) values ('181221','30',null,'1',null,null);
Insert into ref_book_value (RECORD_ID,ATTRIBUTE_ID,STRING_VALUE,NUMBER_VALUE,DATE_VALUE,REFERENCE_VALUE) values ('181221','31',null,'0',null,null);
Insert into ref_book_value (RECORD_ID,ATTRIBUTE_ID,STRING_VALUE,NUMBER_VALUE,DATE_VALUE,REFERENCE_VALUE) values ('181221','820',null,null,to_date('01.04.70','DD.MM.RR'),null);
Insert into ref_book_value (RECORD_ID,ATTRIBUTE_ID,STRING_VALUE,NUMBER_VALUE,DATE_VALUE,REFERENCE_VALUE) values ('181221','821',null,null,to_date('30.06.70','DD.MM.RR'),null);
Insert into ref_book_value (RECORD_ID,ATTRIBUTE_ID,STRING_VALUE,NUMBER_VALUE,DATE_VALUE,REFERENCE_VALUE) values ('181221','844',null,null,to_date('01.04.70','DD.MM.RR'),null);
Insert into ref_book_value (RECORD_ID,ATTRIBUTE_ID,STRING_VALUE,NUMBER_VALUE,DATE_VALUE,REFERENCE_VALUE) values ('181221','3000',null,'1',null,null);
Insert into ref_book_value (RECORD_ID,ATTRIBUTE_ID,STRING_VALUE,NUMBER_VALUE,DATE_VALUE,REFERENCE_VALUE) values ('181222','25','23',null,null,null);
Insert into ref_book_value (RECORD_ID,ATTRIBUTE_ID,STRING_VALUE,NUMBER_VALUE,DATE_VALUE,REFERENCE_VALUE) values ('181222','26','третий квартал',null,null,null);
Insert into ref_book_value (RECORD_ID,ATTRIBUTE_ID,STRING_VALUE,NUMBER_VALUE,DATE_VALUE,REFERENCE_VALUE) values ('181222','27',null,'0',null,null);
Insert into ref_book_value (RECORD_ID,ATTRIBUTE_ID,STRING_VALUE,NUMBER_VALUE,DATE_VALUE,REFERENCE_VALUE) values ('181222','28',null,'1',null,null);
Insert into ref_book_value (RECORD_ID,ATTRIBUTE_ID,STRING_VALUE,NUMBER_VALUE,DATE_VALUE,REFERENCE_VALUE) values ('181222','29',null,'0',null,null);
Insert into ref_book_value (RECORD_ID,ATTRIBUTE_ID,STRING_VALUE,NUMBER_VALUE,DATE_VALUE,REFERENCE_VALUE) values ('181222','30',null,'1',null,null);
Insert into ref_book_value (RECORD_ID,ATTRIBUTE_ID,STRING_VALUE,NUMBER_VALUE,DATE_VALUE,REFERENCE_VALUE) values ('181222','31',null,'0',null,null);
Insert into ref_book_value (RECORD_ID,ATTRIBUTE_ID,STRING_VALUE,NUMBER_VALUE,DATE_VALUE,REFERENCE_VALUE) values ('181222','820',null,null,to_date('01.07.70','DD.MM.RR'),null);
Insert into ref_book_value (RECORD_ID,ATTRIBUTE_ID,STRING_VALUE,NUMBER_VALUE,DATE_VALUE,REFERENCE_VALUE) values ('181222','821',null,null,to_date('30.09.70','DD.MM.RR'),null);
Insert into ref_book_value (RECORD_ID,ATTRIBUTE_ID,STRING_VALUE,NUMBER_VALUE,DATE_VALUE,REFERENCE_VALUE) values ('181222','844',null,null,to_date('01.07.70','DD.MM.RR'),null);
Insert into ref_book_value (RECORD_ID,ATTRIBUTE_ID,STRING_VALUE,NUMBER_VALUE,DATE_VALUE,REFERENCE_VALUE) values ('181222','3000',null,'1',null,null);
Insert into ref_book_value (RECORD_ID,ATTRIBUTE_ID,STRING_VALUE,NUMBER_VALUE,DATE_VALUE,REFERENCE_VALUE) values ('181223','25','24',null,null,null);
Insert into ref_book_value (RECORD_ID,ATTRIBUTE_ID,STRING_VALUE,NUMBER_VALUE,DATE_VALUE,REFERENCE_VALUE) values ('181223','26','четвёртый квартал',null,null,null);
Insert into ref_book_value (RECORD_ID,ATTRIBUTE_ID,STRING_VALUE,NUMBER_VALUE,DATE_VALUE,REFERENCE_VALUE) values ('181223','27',null,'0',null,null);
Insert into ref_book_value (RECORD_ID,ATTRIBUTE_ID,STRING_VALUE,NUMBER_VALUE,DATE_VALUE,REFERENCE_VALUE) values ('181223','28',null,'0',null,null);
Insert into ref_book_value (RECORD_ID,ATTRIBUTE_ID,STRING_VALUE,NUMBER_VALUE,DATE_VALUE,REFERENCE_VALUE) values ('181223','29',null,'0',null,null);
Insert into ref_book_value (RECORD_ID,ATTRIBUTE_ID,STRING_VALUE,NUMBER_VALUE,DATE_VALUE,REFERENCE_VALUE) values ('181223','30',null,'1',null,null);
Insert into ref_book_value (RECORD_ID,ATTRIBUTE_ID,STRING_VALUE,NUMBER_VALUE,DATE_VALUE,REFERENCE_VALUE) values ('181223','31',null,'0',null,null);
Insert into ref_book_value (RECORD_ID,ATTRIBUTE_ID,STRING_VALUE,NUMBER_VALUE,DATE_VALUE,REFERENCE_VALUE) values ('181223','820',null,null,to_date('01.10.70','DD.MM.RR'),null);
Insert into ref_book_value (RECORD_ID,ATTRIBUTE_ID,STRING_VALUE,NUMBER_VALUE,DATE_VALUE,REFERENCE_VALUE) values ('181223','821',null,null,to_date('31.12.70','DD.MM.RR'),null);
Insert into ref_book_value (RECORD_ID,ATTRIBUTE_ID,STRING_VALUE,NUMBER_VALUE,DATE_VALUE,REFERENCE_VALUE) values ('181223','844',null,null,to_date('01.10.70','DD.MM.RR'),null);
Insert into ref_book_value (RECORD_ID,ATTRIBUTE_ID,STRING_VALUE,NUMBER_VALUE,DATE_VALUE,REFERENCE_VALUE) values ('181223','3000',null,'1',null,null);
Insert into ref_book_value (RECORD_ID,ATTRIBUTE_ID,STRING_VALUE,NUMBER_VALUE,DATE_VALUE,REFERENCE_VALUE) values ('181224','25','25',null,null,null);
Insert into ref_book_value (RECORD_ID,ATTRIBUTE_ID,STRING_VALUE,NUMBER_VALUE,DATE_VALUE,REFERENCE_VALUE) values ('181224','26','первый квартал в случае представления налоговой декларации управляющим товарищем',null,null,null);
Insert into ref_book_value (RECORD_ID,ATTRIBUTE_ID,STRING_VALUE,NUMBER_VALUE,DATE_VALUE,REFERENCE_VALUE) values ('181224','27',null,'0',null,null);
Insert into ref_book_value (RECORD_ID,ATTRIBUTE_ID,STRING_VALUE,NUMBER_VALUE,DATE_VALUE,REFERENCE_VALUE) values ('181224','28',null,'0',null,null);
Insert into ref_book_value (RECORD_ID,ATTRIBUTE_ID,STRING_VALUE,NUMBER_VALUE,DATE_VALUE,REFERENCE_VALUE) values ('181224','29',null,'0',null,null);
Insert into ref_book_value (RECORD_ID,ATTRIBUTE_ID,STRING_VALUE,NUMBER_VALUE,DATE_VALUE,REFERENCE_VALUE) values ('181224','30',null,'0',null,null);
Insert into ref_book_value (RECORD_ID,ATTRIBUTE_ID,STRING_VALUE,NUMBER_VALUE,DATE_VALUE,REFERENCE_VALUE) values ('181224','31',null,'0',null,null);
Insert into ref_book_value (RECORD_ID,ATTRIBUTE_ID,STRING_VALUE,NUMBER_VALUE,DATE_VALUE,REFERENCE_VALUE) values ('181224','3000',null,'0',null,null);
Insert into ref_book_value (RECORD_ID,ATTRIBUTE_ID,STRING_VALUE,NUMBER_VALUE,DATE_VALUE,REFERENCE_VALUE) values ('181225','25','26',null,null,null);
Insert into ref_book_value (RECORD_ID,ATTRIBUTE_ID,STRING_VALUE,NUMBER_VALUE,DATE_VALUE,REFERENCE_VALUE) values ('181225','26','второй квартал в случае представления налоговой декларации управляющим товарищем',null,null,null);
Insert into ref_book_value (RECORD_ID,ATTRIBUTE_ID,STRING_VALUE,NUMBER_VALUE,DATE_VALUE,REFERENCE_VALUE) values ('181225','27',null,'0',null,null);
Insert into ref_book_value (RECORD_ID,ATTRIBUTE_ID,STRING_VALUE,NUMBER_VALUE,DATE_VALUE,REFERENCE_VALUE) values ('181225','28',null,'0',null,null);
Insert into ref_book_value (RECORD_ID,ATTRIBUTE_ID,STRING_VALUE,NUMBER_VALUE,DATE_VALUE,REFERENCE_VALUE) values ('181225','29',null,'0',null,null);
Insert into ref_book_value (RECORD_ID,ATTRIBUTE_ID,STRING_VALUE,NUMBER_VALUE,DATE_VALUE,REFERENCE_VALUE) values ('181225','30',null,'0',null,null);
Insert into ref_book_value (RECORD_ID,ATTRIBUTE_ID,STRING_VALUE,NUMBER_VALUE,DATE_VALUE,REFERENCE_VALUE) values ('181225','31',null,'0',null,null);
Insert into ref_book_value (RECORD_ID,ATTRIBUTE_ID,STRING_VALUE,NUMBER_VALUE,DATE_VALUE,REFERENCE_VALUE) values ('181225','3000',null,'0',null,null);
Insert into ref_book_value (RECORD_ID,ATTRIBUTE_ID,STRING_VALUE,NUMBER_VALUE,DATE_VALUE,REFERENCE_VALUE) values ('181226','25','27',null,null,null);
Insert into ref_book_value (RECORD_ID,ATTRIBUTE_ID,STRING_VALUE,NUMBER_VALUE,DATE_VALUE,REFERENCE_VALUE) values ('181226','26','третий квартал в случае представления налоговой декларации управляющим товарищем',null,null,null);
Insert into ref_book_value (RECORD_ID,ATTRIBUTE_ID,STRING_VALUE,NUMBER_VALUE,DATE_VALUE,REFERENCE_VALUE) values ('181226','27',null,'0',null,null);
Insert into ref_book_value (RECORD_ID,ATTRIBUTE_ID,STRING_VALUE,NUMBER_VALUE,DATE_VALUE,REFERENCE_VALUE) values ('181226','28',null,'0',null,null);
Insert into ref_book_value (RECORD_ID,ATTRIBUTE_ID,STRING_VALUE,NUMBER_VALUE,DATE_VALUE,REFERENCE_VALUE) values ('181226','29',null,'0',null,null);
Insert into ref_book_value (RECORD_ID,ATTRIBUTE_ID,STRING_VALUE,NUMBER_VALUE,DATE_VALUE,REFERENCE_VALUE) values ('181226','30',null,'0',null,null);
Insert into ref_book_value (RECORD_ID,ATTRIBUTE_ID,STRING_VALUE,NUMBER_VALUE,DATE_VALUE,REFERENCE_VALUE) values ('181226','31',null,'0',null,null);
Insert into ref_book_value (RECORD_ID,ATTRIBUTE_ID,STRING_VALUE,NUMBER_VALUE,DATE_VALUE,REFERENCE_VALUE) values ('181226','3000',null,'0',null,null);
Insert into ref_book_value (RECORD_ID,ATTRIBUTE_ID,STRING_VALUE,NUMBER_VALUE,DATE_VALUE,REFERENCE_VALUE) values ('181227','25','28',null,null,null);
Insert into ref_book_value (RECORD_ID,ATTRIBUTE_ID,STRING_VALUE,NUMBER_VALUE,DATE_VALUE,REFERENCE_VALUE) values ('181227','26','четвёртый квартал в случае представления налоговой декларации управляющим товарищем',null,null,null);
Insert into ref_book_value (RECORD_ID,ATTRIBUTE_ID,STRING_VALUE,NUMBER_VALUE,DATE_VALUE,REFERENCE_VALUE) values ('181227','27',null,'0',null,null);
Insert into ref_book_value (RECORD_ID,ATTRIBUTE_ID,STRING_VALUE,NUMBER_VALUE,DATE_VALUE,REFERENCE_VALUE) values ('181227','28',null,'0',null,null);
Insert into ref_book_value (RECORD_ID,ATTRIBUTE_ID,STRING_VALUE,NUMBER_VALUE,DATE_VALUE,REFERENCE_VALUE) values ('181227','29',null,'0',null,null);
Insert into ref_book_value (RECORD_ID,ATTRIBUTE_ID,STRING_VALUE,NUMBER_VALUE,DATE_VALUE,REFERENCE_VALUE) values ('181227','30',null,'0',null,null);
Insert into ref_book_value (RECORD_ID,ATTRIBUTE_ID,STRING_VALUE,NUMBER_VALUE,DATE_VALUE,REFERENCE_VALUE) values ('181227','31',null,'0',null,null);
Insert into ref_book_value (RECORD_ID,ATTRIBUTE_ID,STRING_VALUE,NUMBER_VALUE,DATE_VALUE,REFERENCE_VALUE) values ('181227','3000',null,'0',null,null);
Insert into ref_book_value (RECORD_ID,ATTRIBUTE_ID,STRING_VALUE,NUMBER_VALUE,DATE_VALUE,REFERENCE_VALUE) values ('181228','25','31',null,null,null);
Insert into ref_book_value (RECORD_ID,ATTRIBUTE_ID,STRING_VALUE,NUMBER_VALUE,DATE_VALUE,REFERENCE_VALUE) values ('181228','26','полугодие',null,null,null);
Insert into ref_book_value (RECORD_ID,ATTRIBUTE_ID,STRING_VALUE,NUMBER_VALUE,DATE_VALUE,REFERENCE_VALUE) values ('181228','27',null,'1',null,null);
Insert into ref_book_value (RECORD_ID,ATTRIBUTE_ID,STRING_VALUE,NUMBER_VALUE,DATE_VALUE,REFERENCE_VALUE) values ('181228','28',null,'0',null,null);
Insert into ref_book_value (RECORD_ID,ATTRIBUTE_ID,STRING_VALUE,NUMBER_VALUE,DATE_VALUE,REFERENCE_VALUE) values ('181228','29',null,'1',null,null);
Insert into ref_book_value (RECORD_ID,ATTRIBUTE_ID,STRING_VALUE,NUMBER_VALUE,DATE_VALUE,REFERENCE_VALUE) values ('181228','30',null,'0',null,null);
Insert into ref_book_value (RECORD_ID,ATTRIBUTE_ID,STRING_VALUE,NUMBER_VALUE,DATE_VALUE,REFERENCE_VALUE) values ('181228','31',null,'1',null,null);
Insert into ref_book_value (RECORD_ID,ATTRIBUTE_ID,STRING_VALUE,NUMBER_VALUE,DATE_VALUE,REFERENCE_VALUE) values ('181228','820',null,null,to_date('01.01.70','DD.MM.RR'),null);
Insert into ref_book_value (RECORD_ID,ATTRIBUTE_ID,STRING_VALUE,NUMBER_VALUE,DATE_VALUE,REFERENCE_VALUE) values ('181228','821',null,null,to_date('30.06.70','DD.MM.RR'),null);
Insert into ref_book_value (RECORD_ID,ATTRIBUTE_ID,STRING_VALUE,NUMBER_VALUE,DATE_VALUE,REFERENCE_VALUE) values ('181228','844',null,null,to_date('01.04.70','DD.MM.RR'),null);
Insert into ref_book_value (RECORD_ID,ATTRIBUTE_ID,STRING_VALUE,NUMBER_VALUE,DATE_VALUE,REFERENCE_VALUE) values ('181228','3000',null,'0',null,null);
Insert into ref_book_value (RECORD_ID,ATTRIBUTE_ID,STRING_VALUE,NUMBER_VALUE,DATE_VALUE,REFERENCE_VALUE) values ('181229','25','33',null,null,null);
Insert into ref_book_value (RECORD_ID,ATTRIBUTE_ID,STRING_VALUE,NUMBER_VALUE,DATE_VALUE,REFERENCE_VALUE) values ('181229','26','девять месяцев',null,null,null);
Insert into ref_book_value (RECORD_ID,ATTRIBUTE_ID,STRING_VALUE,NUMBER_VALUE,DATE_VALUE,REFERENCE_VALUE) values ('181229','27',null,'1',null,null);
Insert into ref_book_value (RECORD_ID,ATTRIBUTE_ID,STRING_VALUE,NUMBER_VALUE,DATE_VALUE,REFERENCE_VALUE) values ('181229','28',null,'0',null,null);
Insert into ref_book_value (RECORD_ID,ATTRIBUTE_ID,STRING_VALUE,NUMBER_VALUE,DATE_VALUE,REFERENCE_VALUE) values ('181229','29',null,'1',null,null);
Insert into ref_book_value (RECORD_ID,ATTRIBUTE_ID,STRING_VALUE,NUMBER_VALUE,DATE_VALUE,REFERENCE_VALUE) values ('181229','30',null,'0',null,null);
Insert into ref_book_value (RECORD_ID,ATTRIBUTE_ID,STRING_VALUE,NUMBER_VALUE,DATE_VALUE,REFERENCE_VALUE) values ('181229','31',null,'1',null,null);
Insert into ref_book_value (RECORD_ID,ATTRIBUTE_ID,STRING_VALUE,NUMBER_VALUE,DATE_VALUE,REFERENCE_VALUE) values ('181229','820',null,null,to_date('01.01.70','DD.MM.RR'),null);
Insert into ref_book_value (RECORD_ID,ATTRIBUTE_ID,STRING_VALUE,NUMBER_VALUE,DATE_VALUE,REFERENCE_VALUE) values ('181229','821',null,null,to_date('30.09.70','DD.MM.RR'),null);
Insert into ref_book_value (RECORD_ID,ATTRIBUTE_ID,STRING_VALUE,NUMBER_VALUE,DATE_VALUE,REFERENCE_VALUE) values ('181229','844',null,null,to_date('01.07.70','DD.MM.RR'),null);
Insert into ref_book_value (RECORD_ID,ATTRIBUTE_ID,STRING_VALUE,NUMBER_VALUE,DATE_VALUE,REFERENCE_VALUE) values ('181229','3000',null,'0',null,null);
Insert into ref_book_value (RECORD_ID,ATTRIBUTE_ID,STRING_VALUE,NUMBER_VALUE,DATE_VALUE,REFERENCE_VALUE) values ('181230','25','34',null,null,null);
Insert into ref_book_value (RECORD_ID,ATTRIBUTE_ID,STRING_VALUE,NUMBER_VALUE,DATE_VALUE,REFERENCE_VALUE) values ('181230','26','год',null,null,null);
Insert into ref_book_value (RECORD_ID,ATTRIBUTE_ID,STRING_VALUE,NUMBER_VALUE,DATE_VALUE,REFERENCE_VALUE) values ('181230','27',null,'1',null,null);
Insert into ref_book_value (RECORD_ID,ATTRIBUTE_ID,STRING_VALUE,NUMBER_VALUE,DATE_VALUE,REFERENCE_VALUE) values ('181230','28',null,'1',null,null);
Insert into ref_book_value (RECORD_ID,ATTRIBUTE_ID,STRING_VALUE,NUMBER_VALUE,DATE_VALUE,REFERENCE_VALUE) values ('181230','29',null,'1',null,null);
Insert into ref_book_value (RECORD_ID,ATTRIBUTE_ID,STRING_VALUE,NUMBER_VALUE,DATE_VALUE,REFERENCE_VALUE) values ('181230','30',null,'0',null,null);
Insert into ref_book_value (RECORD_ID,ATTRIBUTE_ID,STRING_VALUE,NUMBER_VALUE,DATE_VALUE,REFERENCE_VALUE) values ('181230','31',null,'1',null,null);
Insert into ref_book_value (RECORD_ID,ATTRIBUTE_ID,STRING_VALUE,NUMBER_VALUE,DATE_VALUE,REFERENCE_VALUE) values ('181230','820',null,null,to_date('01.01.70','DD.MM.RR'),null);
Insert into ref_book_value (RECORD_ID,ATTRIBUTE_ID,STRING_VALUE,NUMBER_VALUE,DATE_VALUE,REFERENCE_VALUE) values ('181230','821',null,null,to_date('31.12.70','DD.MM.RR'),null);
Insert into ref_book_value (RECORD_ID,ATTRIBUTE_ID,STRING_VALUE,NUMBER_VALUE,DATE_VALUE,REFERENCE_VALUE) values ('181230','844',null,null,to_date('01.10.70','DD.MM.RR'),null);
Insert into ref_book_value (RECORD_ID,ATTRIBUTE_ID,STRING_VALUE,NUMBER_VALUE,DATE_VALUE,REFERENCE_VALUE) values ('181230','3000',null,'0',null,null);
Insert into ref_book_value (RECORD_ID,ATTRIBUTE_ID,STRING_VALUE,NUMBER_VALUE,DATE_VALUE,REFERENCE_VALUE) values ('181231','25','35',null,null,null);
Insert into ref_book_value (RECORD_ID,ATTRIBUTE_ID,STRING_VALUE,NUMBER_VALUE,DATE_VALUE,REFERENCE_VALUE) values ('181231','26','один месяц',null,null,null);
Insert into ref_book_value (RECORD_ID,ATTRIBUTE_ID,STRING_VALUE,NUMBER_VALUE,DATE_VALUE,REFERENCE_VALUE) values ('181231','27',null,'0',null,null);
Insert into ref_book_value (RECORD_ID,ATTRIBUTE_ID,STRING_VALUE,NUMBER_VALUE,DATE_VALUE,REFERENCE_VALUE) values ('181231','28',null,'0',null,null);
Insert into ref_book_value (RECORD_ID,ATTRIBUTE_ID,STRING_VALUE,NUMBER_VALUE,DATE_VALUE,REFERENCE_VALUE) values ('181231','29',null,'0',null,null);
Insert into ref_book_value (RECORD_ID,ATTRIBUTE_ID,STRING_VALUE,NUMBER_VALUE,DATE_VALUE,REFERENCE_VALUE) values ('181231','30',null,'0',null,null);
Insert into ref_book_value (RECORD_ID,ATTRIBUTE_ID,STRING_VALUE,NUMBER_VALUE,DATE_VALUE,REFERENCE_VALUE) values ('181231','31',null,'0',null,null);
Insert into ref_book_value (RECORD_ID,ATTRIBUTE_ID,STRING_VALUE,NUMBER_VALUE,DATE_VALUE,REFERENCE_VALUE) values ('181231','3000',null,'0',null,null);
Insert into ref_book_value (RECORD_ID,ATTRIBUTE_ID,STRING_VALUE,NUMBER_VALUE,DATE_VALUE,REFERENCE_VALUE) values ('181232','25','36',null,null,null);
Insert into ref_book_value (RECORD_ID,ATTRIBUTE_ID,STRING_VALUE,NUMBER_VALUE,DATE_VALUE,REFERENCE_VALUE) values ('181232','26','два месяца',null,null,null);
Insert into ref_book_value (RECORD_ID,ATTRIBUTE_ID,STRING_VALUE,NUMBER_VALUE,DATE_VALUE,REFERENCE_VALUE) values ('181232','27',null,'0',null,null);
Insert into ref_book_value (RECORD_ID,ATTRIBUTE_ID,STRING_VALUE,NUMBER_VALUE,DATE_VALUE,REFERENCE_VALUE) values ('181232','28',null,'0',null,null);
Insert into ref_book_value (RECORD_ID,ATTRIBUTE_ID,STRING_VALUE,NUMBER_VALUE,DATE_VALUE,REFERENCE_VALUE) values ('181232','29',null,'0',null,null);
Insert into ref_book_value (RECORD_ID,ATTRIBUTE_ID,STRING_VALUE,NUMBER_VALUE,DATE_VALUE,REFERENCE_VALUE) values ('181232','30',null,'0',null,null);
Insert into ref_book_value (RECORD_ID,ATTRIBUTE_ID,STRING_VALUE,NUMBER_VALUE,DATE_VALUE,REFERENCE_VALUE) values ('181232','31',null,'0',null,null);
Insert into ref_book_value (RECORD_ID,ATTRIBUTE_ID,STRING_VALUE,NUMBER_VALUE,DATE_VALUE,REFERENCE_VALUE) values ('181232','3000',null,'0',null,null);
Insert into ref_book_value (RECORD_ID,ATTRIBUTE_ID,STRING_VALUE,NUMBER_VALUE,DATE_VALUE,REFERENCE_VALUE) values ('181233','25','37',null,null,null);
Insert into ref_book_value (RECORD_ID,ATTRIBUTE_ID,STRING_VALUE,NUMBER_VALUE,DATE_VALUE,REFERENCE_VALUE) values ('181233','26','три месяца',null,null,null);
Insert into ref_book_value (RECORD_ID,ATTRIBUTE_ID,STRING_VALUE,NUMBER_VALUE,DATE_VALUE,REFERENCE_VALUE) values ('181233','27',null,'0',null,null);
Insert into ref_book_value (RECORD_ID,ATTRIBUTE_ID,STRING_VALUE,NUMBER_VALUE,DATE_VALUE,REFERENCE_VALUE) values ('181233','28',null,'0',null,null);
Insert into ref_book_value (RECORD_ID,ATTRIBUTE_ID,STRING_VALUE,NUMBER_VALUE,DATE_VALUE,REFERENCE_VALUE) values ('181233','29',null,'0',null,null);
Insert into ref_book_value (RECORD_ID,ATTRIBUTE_ID,STRING_VALUE,NUMBER_VALUE,DATE_VALUE,REFERENCE_VALUE) values ('181233','30',null,'0',null,null);
Insert into ref_book_value (RECORD_ID,ATTRIBUTE_ID,STRING_VALUE,NUMBER_VALUE,DATE_VALUE,REFERENCE_VALUE) values ('181233','31',null,'0',null,null);
Insert into ref_book_value (RECORD_ID,ATTRIBUTE_ID,STRING_VALUE,NUMBER_VALUE,DATE_VALUE,REFERENCE_VALUE) values ('181233','3000',null,'0',null,null);
Insert into ref_book_value (RECORD_ID,ATTRIBUTE_ID,STRING_VALUE,NUMBER_VALUE,DATE_VALUE,REFERENCE_VALUE) values ('181234','25','38',null,null,null);
Insert into ref_book_value (RECORD_ID,ATTRIBUTE_ID,STRING_VALUE,NUMBER_VALUE,DATE_VALUE,REFERENCE_VALUE) values ('181234','26','четыре месяца',null,null,null);
Insert into ref_book_value (RECORD_ID,ATTRIBUTE_ID,STRING_VALUE,NUMBER_VALUE,DATE_VALUE,REFERENCE_VALUE) values ('181234','27',null,'0',null,null);
Insert into ref_book_value (RECORD_ID,ATTRIBUTE_ID,STRING_VALUE,NUMBER_VALUE,DATE_VALUE,REFERENCE_VALUE) values ('181234','28',null,'0',null,null);
Insert into ref_book_value (RECORD_ID,ATTRIBUTE_ID,STRING_VALUE,NUMBER_VALUE,DATE_VALUE,REFERENCE_VALUE) values ('181234','29',null,'0',null,null);
Insert into ref_book_value (RECORD_ID,ATTRIBUTE_ID,STRING_VALUE,NUMBER_VALUE,DATE_VALUE,REFERENCE_VALUE) values ('181234','30',null,'0',null,null);
Insert into ref_book_value (RECORD_ID,ATTRIBUTE_ID,STRING_VALUE,NUMBER_VALUE,DATE_VALUE,REFERENCE_VALUE) values ('181234','31',null,'0',null,null);
Insert into ref_book_value (RECORD_ID,ATTRIBUTE_ID,STRING_VALUE,NUMBER_VALUE,DATE_VALUE,REFERENCE_VALUE) values ('181234','3000',null,'0',null,null);
Insert into ref_book_value (RECORD_ID,ATTRIBUTE_ID,STRING_VALUE,NUMBER_VALUE,DATE_VALUE,REFERENCE_VALUE) values ('181235','25','39',null,null,null);
Insert into ref_book_value (RECORD_ID,ATTRIBUTE_ID,STRING_VALUE,NUMBER_VALUE,DATE_VALUE,REFERENCE_VALUE) values ('181235','26','пять месяцев',null,null,null);
Insert into ref_book_value (RECORD_ID,ATTRIBUTE_ID,STRING_VALUE,NUMBER_VALUE,DATE_VALUE,REFERENCE_VALUE) values ('181235','27',null,'0',null,null);
Insert into ref_book_value (RECORD_ID,ATTRIBUTE_ID,STRING_VALUE,NUMBER_VALUE,DATE_VALUE,REFERENCE_VALUE) values ('181235','28',null,'0',null,null);
Insert into ref_book_value (RECORD_ID,ATTRIBUTE_ID,STRING_VALUE,NUMBER_VALUE,DATE_VALUE,REFERENCE_VALUE) values ('181235','29',null,'0',null,null);
Insert into ref_book_value (RECORD_ID,ATTRIBUTE_ID,STRING_VALUE,NUMBER_VALUE,DATE_VALUE,REFERENCE_VALUE) values ('181235','30',null,'0',null,null);
Insert into ref_book_value (RECORD_ID,ATTRIBUTE_ID,STRING_VALUE,NUMBER_VALUE,DATE_VALUE,REFERENCE_VALUE) values ('181235','31',null,'0',null,null);
Insert into ref_book_value (RECORD_ID,ATTRIBUTE_ID,STRING_VALUE,NUMBER_VALUE,DATE_VALUE,REFERENCE_VALUE) values ('181235','3000',null,'0',null,null);
Insert into ref_book_value (RECORD_ID,ATTRIBUTE_ID,STRING_VALUE,NUMBER_VALUE,DATE_VALUE,REFERENCE_VALUE) values ('181236','25','40',null,null,null);
Insert into ref_book_value (RECORD_ID,ATTRIBUTE_ID,STRING_VALUE,NUMBER_VALUE,DATE_VALUE,REFERENCE_VALUE) values ('181236','26','шесть месяцев',null,null,null);
Insert into ref_book_value (RECORD_ID,ATTRIBUTE_ID,STRING_VALUE,NUMBER_VALUE,DATE_VALUE,REFERENCE_VALUE) values ('181236','27',null,'0',null,null);
Insert into ref_book_value (RECORD_ID,ATTRIBUTE_ID,STRING_VALUE,NUMBER_VALUE,DATE_VALUE,REFERENCE_VALUE) values ('181236','28',null,'0',null,null);
Insert into ref_book_value (RECORD_ID,ATTRIBUTE_ID,STRING_VALUE,NUMBER_VALUE,DATE_VALUE,REFERENCE_VALUE) values ('181236','29',null,'0',null,null);
Insert into ref_book_value (RECORD_ID,ATTRIBUTE_ID,STRING_VALUE,NUMBER_VALUE,DATE_VALUE,REFERENCE_VALUE) values ('181236','30',null,'0',null,null);
Insert into ref_book_value (RECORD_ID,ATTRIBUTE_ID,STRING_VALUE,NUMBER_VALUE,DATE_VALUE,REFERENCE_VALUE) values ('181236','31',null,'0',null,null);
Insert into ref_book_value (RECORD_ID,ATTRIBUTE_ID,STRING_VALUE,NUMBER_VALUE,DATE_VALUE,REFERENCE_VALUE) values ('181236','3000',null,'0',null,null);
Insert into ref_book_value (RECORD_ID,ATTRIBUTE_ID,STRING_VALUE,NUMBER_VALUE,DATE_VALUE,REFERENCE_VALUE) values ('181237','25','41',null,null,null);
Insert into ref_book_value (RECORD_ID,ATTRIBUTE_ID,STRING_VALUE,NUMBER_VALUE,DATE_VALUE,REFERENCE_VALUE) values ('181237','26','семь месяцев',null,null,null);
Insert into ref_book_value (RECORD_ID,ATTRIBUTE_ID,STRING_VALUE,NUMBER_VALUE,DATE_VALUE,REFERENCE_VALUE) values ('181237','27',null,'0',null,null);
Insert into ref_book_value (RECORD_ID,ATTRIBUTE_ID,STRING_VALUE,NUMBER_VALUE,DATE_VALUE,REFERENCE_VALUE) values ('181237','28',null,'0',null,null);
Insert into ref_book_value (RECORD_ID,ATTRIBUTE_ID,STRING_VALUE,NUMBER_VALUE,DATE_VALUE,REFERENCE_VALUE) values ('181237','29',null,'0',null,null);
Insert into ref_book_value (RECORD_ID,ATTRIBUTE_ID,STRING_VALUE,NUMBER_VALUE,DATE_VALUE,REFERENCE_VALUE) values ('181237','30',null,'0',null,null);
Insert into ref_book_value (RECORD_ID,ATTRIBUTE_ID,STRING_VALUE,NUMBER_VALUE,DATE_VALUE,REFERENCE_VALUE) values ('181237','31',null,'0',null,null);
Insert into ref_book_value (RECORD_ID,ATTRIBUTE_ID,STRING_VALUE,NUMBER_VALUE,DATE_VALUE,REFERENCE_VALUE) values ('181237','3000',null,'0',null,null);
Insert into ref_book_value (RECORD_ID,ATTRIBUTE_ID,STRING_VALUE,NUMBER_VALUE,DATE_VALUE,REFERENCE_VALUE) values ('181238','25','42',null,null,null);
Insert into ref_book_value (RECORD_ID,ATTRIBUTE_ID,STRING_VALUE,NUMBER_VALUE,DATE_VALUE,REFERENCE_VALUE) values ('181238','26','восемь месяцев',null,null,null);
Insert into ref_book_value (RECORD_ID,ATTRIBUTE_ID,STRING_VALUE,NUMBER_VALUE,DATE_VALUE,REFERENCE_VALUE) values ('181238','27',null,'0',null,null);
Insert into ref_book_value (RECORD_ID,ATTRIBUTE_ID,STRING_VALUE,NUMBER_VALUE,DATE_VALUE,REFERENCE_VALUE) values ('181238','28',null,'0',null,null);
Insert into ref_book_value (RECORD_ID,ATTRIBUTE_ID,STRING_VALUE,NUMBER_VALUE,DATE_VALUE,REFERENCE_VALUE) values ('181238','29',null,'0',null,null);
Insert into ref_book_value (RECORD_ID,ATTRIBUTE_ID,STRING_VALUE,NUMBER_VALUE,DATE_VALUE,REFERENCE_VALUE) values ('181238','30',null,'0',null,null);
Insert into ref_book_value (RECORD_ID,ATTRIBUTE_ID,STRING_VALUE,NUMBER_VALUE,DATE_VALUE,REFERENCE_VALUE) values ('181238','31',null,'0',null,null);
Insert into ref_book_value (RECORD_ID,ATTRIBUTE_ID,STRING_VALUE,NUMBER_VALUE,DATE_VALUE,REFERENCE_VALUE) values ('181238','3000',null,'0',null,null);
Insert into ref_book_value (RECORD_ID,ATTRIBUTE_ID,STRING_VALUE,NUMBER_VALUE,DATE_VALUE,REFERENCE_VALUE) values ('181239','25','43',null,null,null);
Insert into ref_book_value (RECORD_ID,ATTRIBUTE_ID,STRING_VALUE,NUMBER_VALUE,DATE_VALUE,REFERENCE_VALUE) values ('181239','26','девять месяцев',null,null,null);
Insert into ref_book_value (RECORD_ID,ATTRIBUTE_ID,STRING_VALUE,NUMBER_VALUE,DATE_VALUE,REFERENCE_VALUE) values ('181239','27',null,'0',null,null);
Insert into ref_book_value (RECORD_ID,ATTRIBUTE_ID,STRING_VALUE,NUMBER_VALUE,DATE_VALUE,REFERENCE_VALUE) values ('181239','28',null,'0',null,null);
Insert into ref_book_value (RECORD_ID,ATTRIBUTE_ID,STRING_VALUE,NUMBER_VALUE,DATE_VALUE,REFERENCE_VALUE) values ('181239','29',null,'0',null,null);
Insert into ref_book_value (RECORD_ID,ATTRIBUTE_ID,STRING_VALUE,NUMBER_VALUE,DATE_VALUE,REFERENCE_VALUE) values ('181239','30',null,'0',null,null);
Insert into ref_book_value (RECORD_ID,ATTRIBUTE_ID,STRING_VALUE,NUMBER_VALUE,DATE_VALUE,REFERENCE_VALUE) values ('181239','31',null,'0',null,null);
Insert into ref_book_value (RECORD_ID,ATTRIBUTE_ID,STRING_VALUE,NUMBER_VALUE,DATE_VALUE,REFERENCE_VALUE) values ('181239','3000',null,'0',null,null);
Insert into ref_book_value (RECORD_ID,ATTRIBUTE_ID,STRING_VALUE,NUMBER_VALUE,DATE_VALUE,REFERENCE_VALUE) values ('181240','25','44',null,null,null);
Insert into ref_book_value (RECORD_ID,ATTRIBUTE_ID,STRING_VALUE,NUMBER_VALUE,DATE_VALUE,REFERENCE_VALUE) values ('181240','26','десять месяцев',null,null,null);
Insert into ref_book_value (RECORD_ID,ATTRIBUTE_ID,STRING_VALUE,NUMBER_VALUE,DATE_VALUE,REFERENCE_VALUE) values ('181240','27',null,'0',null,null);
Insert into ref_book_value (RECORD_ID,ATTRIBUTE_ID,STRING_VALUE,NUMBER_VALUE,DATE_VALUE,REFERENCE_VALUE) values ('181240','28',null,'0',null,null);
Insert into ref_book_value (RECORD_ID,ATTRIBUTE_ID,STRING_VALUE,NUMBER_VALUE,DATE_VALUE,REFERENCE_VALUE) values ('181240','29',null,'0',null,null);
Insert into ref_book_value (RECORD_ID,ATTRIBUTE_ID,STRING_VALUE,NUMBER_VALUE,DATE_VALUE,REFERENCE_VALUE) values ('181240','30',null,'0',null,null);
Insert into ref_book_value (RECORD_ID,ATTRIBUTE_ID,STRING_VALUE,NUMBER_VALUE,DATE_VALUE,REFERENCE_VALUE) values ('181240','31',null,'0',null,null);
Insert into ref_book_value (RECORD_ID,ATTRIBUTE_ID,STRING_VALUE,NUMBER_VALUE,DATE_VALUE,REFERENCE_VALUE) values ('181240','3000',null,'0',null,null);
Insert into ref_book_value (RECORD_ID,ATTRIBUTE_ID,STRING_VALUE,NUMBER_VALUE,DATE_VALUE,REFERENCE_VALUE) values ('181241','25','45',null,null,null);
Insert into ref_book_value (RECORD_ID,ATTRIBUTE_ID,STRING_VALUE,NUMBER_VALUE,DATE_VALUE,REFERENCE_VALUE) values ('181241','26','одиннадцать месяцев',null,null,null);
Insert into ref_book_value (RECORD_ID,ATTRIBUTE_ID,STRING_VALUE,NUMBER_VALUE,DATE_VALUE,REFERENCE_VALUE) values ('181241','27',null,'0',null,null);
Insert into ref_book_value (RECORD_ID,ATTRIBUTE_ID,STRING_VALUE,NUMBER_VALUE,DATE_VALUE,REFERENCE_VALUE) values ('181241','28',null,'0',null,null);
Insert into ref_book_value (RECORD_ID,ATTRIBUTE_ID,STRING_VALUE,NUMBER_VALUE,DATE_VALUE,REFERENCE_VALUE) values ('181241','29',null,'0',null,null);
Insert into ref_book_value (RECORD_ID,ATTRIBUTE_ID,STRING_VALUE,NUMBER_VALUE,DATE_VALUE,REFERENCE_VALUE) values ('181241','30',null,'0',null,null);
Insert into ref_book_value (RECORD_ID,ATTRIBUTE_ID,STRING_VALUE,NUMBER_VALUE,DATE_VALUE,REFERENCE_VALUE) values ('181241','31',null,'0',null,null);
Insert into ref_book_value (RECORD_ID,ATTRIBUTE_ID,STRING_VALUE,NUMBER_VALUE,DATE_VALUE,REFERENCE_VALUE) values ('181241','3000',null,'0',null,null);
Insert into ref_book_value (RECORD_ID,ATTRIBUTE_ID,STRING_VALUE,NUMBER_VALUE,DATE_VALUE,REFERENCE_VALUE) values ('181242','25','46',null,null,null);
Insert into ref_book_value (RECORD_ID,ATTRIBUTE_ID,STRING_VALUE,NUMBER_VALUE,DATE_VALUE,REFERENCE_VALUE) values ('181242','26','год',null,null,null);
Insert into ref_book_value (RECORD_ID,ATTRIBUTE_ID,STRING_VALUE,NUMBER_VALUE,DATE_VALUE,REFERENCE_VALUE) values ('181242','27',null,'0',null,null);
Insert into ref_book_value (RECORD_ID,ATTRIBUTE_ID,STRING_VALUE,NUMBER_VALUE,DATE_VALUE,REFERENCE_VALUE) values ('181242','28',null,'0',null,null);
Insert into ref_book_value (RECORD_ID,ATTRIBUTE_ID,STRING_VALUE,NUMBER_VALUE,DATE_VALUE,REFERENCE_VALUE) values ('181242','29',null,'0',null,null);
Insert into ref_book_value (RECORD_ID,ATTRIBUTE_ID,STRING_VALUE,NUMBER_VALUE,DATE_VALUE,REFERENCE_VALUE) values ('181242','30',null,'0',null,null);
Insert into ref_book_value (RECORD_ID,ATTRIBUTE_ID,STRING_VALUE,NUMBER_VALUE,DATE_VALUE,REFERENCE_VALUE) values ('181242','31',null,'0',null,null);
Insert into ref_book_value (RECORD_ID,ATTRIBUTE_ID,STRING_VALUE,NUMBER_VALUE,DATE_VALUE,REFERENCE_VALUE) values ('181242','820',null,null,to_date('01.01.70','DD.MM.RR'),null);
Insert into ref_book_value (RECORD_ID,ATTRIBUTE_ID,STRING_VALUE,NUMBER_VALUE,DATE_VALUE,REFERENCE_VALUE) values ('181242','821',null,null,to_date('31.12.70','DD.MM.RR'),null);
Insert into ref_book_value (RECORD_ID,ATTRIBUTE_ID,STRING_VALUE,NUMBER_VALUE,DATE_VALUE,REFERENCE_VALUE) values ('181242','844',null,null,to_date('01.01.70','DD.MM.RR'),null);
Insert into ref_book_value (RECORD_ID,ATTRIBUTE_ID,STRING_VALUE,NUMBER_VALUE,DATE_VALUE,REFERENCE_VALUE) values ('181242','3000',null,'0',null,null);
Insert into ref_book_value (RECORD_ID,ATTRIBUTE_ID,STRING_VALUE,NUMBER_VALUE,DATE_VALUE,REFERENCE_VALUE) values ('181243','25','50',null,null,null);
Insert into ref_book_value (RECORD_ID,ATTRIBUTE_ID,STRING_VALUE,NUMBER_VALUE,DATE_VALUE,REFERENCE_VALUE) values ('181243','26','последний налоговый период при реорганизации (ликвидации) организации',null,null,null);
Insert into ref_book_value (RECORD_ID,ATTRIBUTE_ID,STRING_VALUE,NUMBER_VALUE,DATE_VALUE,REFERENCE_VALUE) values ('181243','27',null,'0',null,null);
Insert into ref_book_value (RECORD_ID,ATTRIBUTE_ID,STRING_VALUE,NUMBER_VALUE,DATE_VALUE,REFERENCE_VALUE) values ('181243','28',null,'0',null,null);
Insert into ref_book_value (RECORD_ID,ATTRIBUTE_ID,STRING_VALUE,NUMBER_VALUE,DATE_VALUE,REFERENCE_VALUE) values ('181243','29',null,'0',null,null);
Insert into ref_book_value (RECORD_ID,ATTRIBUTE_ID,STRING_VALUE,NUMBER_VALUE,DATE_VALUE,REFERENCE_VALUE) values ('181243','30',null,'0',null,null);
Insert into ref_book_value (RECORD_ID,ATTRIBUTE_ID,STRING_VALUE,NUMBER_VALUE,DATE_VALUE,REFERENCE_VALUE) values ('181243','31',null,'0',null,null);
Insert into ref_book_value (RECORD_ID,ATTRIBUTE_ID,STRING_VALUE,NUMBER_VALUE,DATE_VALUE,REFERENCE_VALUE) values ('181243','820',null,null,to_date('01.01.70','DD.MM.RR'),null);
Insert into ref_book_value (RECORD_ID,ATTRIBUTE_ID,STRING_VALUE,NUMBER_VALUE,DATE_VALUE,REFERENCE_VALUE) values ('181243','821',null,null,to_date('31.12.70','DD.MM.RR'),null);
Insert into ref_book_value (RECORD_ID,ATTRIBUTE_ID,STRING_VALUE,NUMBER_VALUE,DATE_VALUE,REFERENCE_VALUE) values ('181243','844',null,null,to_date('01.01.70','DD.MM.RR'),null);
Insert into ref_book_value (RECORD_ID,ATTRIBUTE_ID,STRING_VALUE,NUMBER_VALUE,DATE_VALUE,REFERENCE_VALUE) values ('181243','3000',null,'0',null,null);
Insert into ref_book_value (RECORD_ID,ATTRIBUTE_ID,STRING_VALUE,NUMBER_VALUE,DATE_VALUE,REFERENCE_VALUE) values ('181244','25','51',null,null,null);
Insert into ref_book_value (RECORD_ID,ATTRIBUTE_ID,STRING_VALUE,NUMBER_VALUE,DATE_VALUE,REFERENCE_VALUE) values ('181244','26','первый квартал при ликвидации организации',null,null,null);
Insert into ref_book_value (RECORD_ID,ATTRIBUTE_ID,STRING_VALUE,NUMBER_VALUE,DATE_VALUE,REFERENCE_VALUE) values ('181244','27',null,'0',null,null);
Insert into ref_book_value (RECORD_ID,ATTRIBUTE_ID,STRING_VALUE,NUMBER_VALUE,DATE_VALUE,REFERENCE_VALUE) values ('181244','28',null,'0',null,null);
Insert into ref_book_value (RECORD_ID,ATTRIBUTE_ID,STRING_VALUE,NUMBER_VALUE,DATE_VALUE,REFERENCE_VALUE) values ('181244','29',null,'0',null,null);
Insert into ref_book_value (RECORD_ID,ATTRIBUTE_ID,STRING_VALUE,NUMBER_VALUE,DATE_VALUE,REFERENCE_VALUE) values ('181244','30',null,'0',null,null);
Insert into ref_book_value (RECORD_ID,ATTRIBUTE_ID,STRING_VALUE,NUMBER_VALUE,DATE_VALUE,REFERENCE_VALUE) values ('181244','31',null,'0',null,null);
Insert into ref_book_value (RECORD_ID,ATTRIBUTE_ID,STRING_VALUE,NUMBER_VALUE,DATE_VALUE,REFERENCE_VALUE) values ('181244','820',null,null,to_date('01.01.70','DD.MM.RR'),null);
Insert into ref_book_value (RECORD_ID,ATTRIBUTE_ID,STRING_VALUE,NUMBER_VALUE,DATE_VALUE,REFERENCE_VALUE) values ('181244','821',null,null,to_date('31.03.70','DD.MM.RR'),null);
Insert into ref_book_value (RECORD_ID,ATTRIBUTE_ID,STRING_VALUE,NUMBER_VALUE,DATE_VALUE,REFERENCE_VALUE) values ('181244','844',null,null,to_date('01.01.70','DD.MM.RR'),null);
Insert into ref_book_value (RECORD_ID,ATTRIBUTE_ID,STRING_VALUE,NUMBER_VALUE,DATE_VALUE,REFERENCE_VALUE) values ('181244','3000',null,'0',null,null);
Insert into ref_book_value (RECORD_ID,ATTRIBUTE_ID,STRING_VALUE,NUMBER_VALUE,DATE_VALUE,REFERENCE_VALUE) values ('181245','25','52',null,null,null);
Insert into ref_book_value (RECORD_ID,ATTRIBUTE_ID,STRING_VALUE,NUMBER_VALUE,DATE_VALUE,REFERENCE_VALUE) values ('181245','26','полугодие при реорганизации организации',null,null,null);
Insert into ref_book_value (RECORD_ID,ATTRIBUTE_ID,STRING_VALUE,NUMBER_VALUE,DATE_VALUE,REFERENCE_VALUE) values ('181245','27',null,'0',null,null);
Insert into ref_book_value (RECORD_ID,ATTRIBUTE_ID,STRING_VALUE,NUMBER_VALUE,DATE_VALUE,REFERENCE_VALUE) values ('181245','28',null,'0',null,null);
Insert into ref_book_value (RECORD_ID,ATTRIBUTE_ID,STRING_VALUE,NUMBER_VALUE,DATE_VALUE,REFERENCE_VALUE) values ('181245','29',null,'0',null,null);
Insert into ref_book_value (RECORD_ID,ATTRIBUTE_ID,STRING_VALUE,NUMBER_VALUE,DATE_VALUE,REFERENCE_VALUE) values ('181245','30',null,'0',null,null);
Insert into ref_book_value (RECORD_ID,ATTRIBUTE_ID,STRING_VALUE,NUMBER_VALUE,DATE_VALUE,REFERENCE_VALUE) values ('181245','31',null,'0',null,null);
Insert into ref_book_value (RECORD_ID,ATTRIBUTE_ID,STRING_VALUE,NUMBER_VALUE,DATE_VALUE,REFERENCE_VALUE) values ('181245','820',null,null,to_date('01.01.70','DD.MM.RR'),null);
Insert into ref_book_value (RECORD_ID,ATTRIBUTE_ID,STRING_VALUE,NUMBER_VALUE,DATE_VALUE,REFERENCE_VALUE) values ('181245','821',null,null,to_date('30.06.70','DD.MM.RR'),null);
Insert into ref_book_value (RECORD_ID,ATTRIBUTE_ID,STRING_VALUE,NUMBER_VALUE,DATE_VALUE,REFERENCE_VALUE) values ('181245','844',null,null,to_date('01.04.70','DD.MM.RR'),null);
Insert into ref_book_value (RECORD_ID,ATTRIBUTE_ID,STRING_VALUE,NUMBER_VALUE,DATE_VALUE,REFERENCE_VALUE) values ('181245','3000',null,'0',null,null);
Insert into ref_book_value (RECORD_ID,ATTRIBUTE_ID,STRING_VALUE,NUMBER_VALUE,DATE_VALUE,REFERENCE_VALUE) values ('181246','25','53',null,null,null);
Insert into ref_book_value (RECORD_ID,ATTRIBUTE_ID,STRING_VALUE,NUMBER_VALUE,DATE_VALUE,REFERENCE_VALUE) values ('181246','26','9 месяцев при реорганизации организации',null,null,null);
Insert into ref_book_value (RECORD_ID,ATTRIBUTE_ID,STRING_VALUE,NUMBER_VALUE,DATE_VALUE,REFERENCE_VALUE) values ('181246','27',null,'0',null,null);
Insert into ref_book_value (RECORD_ID,ATTRIBUTE_ID,STRING_VALUE,NUMBER_VALUE,DATE_VALUE,REFERENCE_VALUE) values ('181246','28',null,'0',null,null);
Insert into ref_book_value (RECORD_ID,ATTRIBUTE_ID,STRING_VALUE,NUMBER_VALUE,DATE_VALUE,REFERENCE_VALUE) values ('181246','29',null,'0',null,null);
Insert into ref_book_value (RECORD_ID,ATTRIBUTE_ID,STRING_VALUE,NUMBER_VALUE,DATE_VALUE,REFERENCE_VALUE) values ('181246','30',null,'0',null,null);
Insert into ref_book_value (RECORD_ID,ATTRIBUTE_ID,STRING_VALUE,NUMBER_VALUE,DATE_VALUE,REFERENCE_VALUE) values ('181246','31',null,'0',null,null);
Insert into ref_book_value (RECORD_ID,ATTRIBUTE_ID,STRING_VALUE,NUMBER_VALUE,DATE_VALUE,REFERENCE_VALUE) values ('181246','820',null,null,to_date('01.01.70','DD.MM.RR'),null);
Insert into ref_book_value (RECORD_ID,ATTRIBUTE_ID,STRING_VALUE,NUMBER_VALUE,DATE_VALUE,REFERENCE_VALUE) values ('181246','821',null,null,to_date('30.09.70','DD.MM.RR'),null);
Insert into ref_book_value (RECORD_ID,ATTRIBUTE_ID,STRING_VALUE,NUMBER_VALUE,DATE_VALUE,REFERENCE_VALUE) values ('181246','844',null,null,to_date('01.07.70','DD.MM.RR'),null);
Insert into ref_book_value (RECORD_ID,ATTRIBUTE_ID,STRING_VALUE,NUMBER_VALUE,DATE_VALUE,REFERENCE_VALUE) values ('181246','3000',null,'0',null,null);
Insert into ref_book_value (RECORD_ID,ATTRIBUTE_ID,STRING_VALUE,NUMBER_VALUE,DATE_VALUE,REFERENCE_VALUE) values ('181247','25','54',null,null,null);
Insert into ref_book_value (RECORD_ID,ATTRIBUTE_ID,STRING_VALUE,NUMBER_VALUE,DATE_VALUE,REFERENCE_VALUE) values ('181247','26','второй квартал при ликвидации организации',null,null,null);
Insert into ref_book_value (RECORD_ID,ATTRIBUTE_ID,STRING_VALUE,NUMBER_VALUE,DATE_VALUE,REFERENCE_VALUE) values ('181247','27',null,'0',null,null);
Insert into ref_book_value (RECORD_ID,ATTRIBUTE_ID,STRING_VALUE,NUMBER_VALUE,DATE_VALUE,REFERENCE_VALUE) values ('181247','28',null,'0',null,null);
Insert into ref_book_value (RECORD_ID,ATTRIBUTE_ID,STRING_VALUE,NUMBER_VALUE,DATE_VALUE,REFERENCE_VALUE) values ('181247','29',null,'0',null,null);
Insert into ref_book_value (RECORD_ID,ATTRIBUTE_ID,STRING_VALUE,NUMBER_VALUE,DATE_VALUE,REFERENCE_VALUE) values ('181247','30',null,'0',null,null);
Insert into ref_book_value (RECORD_ID,ATTRIBUTE_ID,STRING_VALUE,NUMBER_VALUE,DATE_VALUE,REFERENCE_VALUE) values ('181247','31',null,'0',null,null);
Insert into ref_book_value (RECORD_ID,ATTRIBUTE_ID,STRING_VALUE,NUMBER_VALUE,DATE_VALUE,REFERENCE_VALUE) values ('181247','820',null,null,to_date('01.04.70','DD.MM.RR'),null);
Insert into ref_book_value (RECORD_ID,ATTRIBUTE_ID,STRING_VALUE,NUMBER_VALUE,DATE_VALUE,REFERENCE_VALUE) values ('181247','821',null,null,to_date('30.06.70','DD.MM.RR'),null);
Insert into ref_book_value (RECORD_ID,ATTRIBUTE_ID,STRING_VALUE,NUMBER_VALUE,DATE_VALUE,REFERENCE_VALUE) values ('181247','844',null,null,to_date('01.04.70','DD.MM.RR'),null);
Insert into ref_book_value (RECORD_ID,ATTRIBUTE_ID,STRING_VALUE,NUMBER_VALUE,DATE_VALUE,REFERENCE_VALUE) values ('181247','3000',null,'0',null,null);
Insert into ref_book_value (RECORD_ID,ATTRIBUTE_ID,STRING_VALUE,NUMBER_VALUE,DATE_VALUE,REFERENCE_VALUE) values ('181248','25','55',null,null,null);
Insert into ref_book_value (RECORD_ID,ATTRIBUTE_ID,STRING_VALUE,NUMBER_VALUE,DATE_VALUE,REFERENCE_VALUE) values ('181248','26','третий квартал при ликвидации организации',null,null,null);
Insert into ref_book_value (RECORD_ID,ATTRIBUTE_ID,STRING_VALUE,NUMBER_VALUE,DATE_VALUE,REFERENCE_VALUE) values ('181248','27',null,'0',null,null);
Insert into ref_book_value (RECORD_ID,ATTRIBUTE_ID,STRING_VALUE,NUMBER_VALUE,DATE_VALUE,REFERENCE_VALUE) values ('181248','28',null,'0',null,null);
Insert into ref_book_value (RECORD_ID,ATTRIBUTE_ID,STRING_VALUE,NUMBER_VALUE,DATE_VALUE,REFERENCE_VALUE) values ('181248','29',null,'0',null,null);
Insert into ref_book_value (RECORD_ID,ATTRIBUTE_ID,STRING_VALUE,NUMBER_VALUE,DATE_VALUE,REFERENCE_VALUE) values ('181248','30',null,'0',null,null);
Insert into ref_book_value (RECORD_ID,ATTRIBUTE_ID,STRING_VALUE,NUMBER_VALUE,DATE_VALUE,REFERENCE_VALUE) values ('181248','31',null,'0',null,null);
Insert into ref_book_value (RECORD_ID,ATTRIBUTE_ID,STRING_VALUE,NUMBER_VALUE,DATE_VALUE,REFERENCE_VALUE) values ('181248','820',null,null,to_date('01.07.70','DD.MM.RR'),null);
Insert into ref_book_value (RECORD_ID,ATTRIBUTE_ID,STRING_VALUE,NUMBER_VALUE,DATE_VALUE,REFERENCE_VALUE) values ('181248','821',null,null,to_date('30.09.70','DD.MM.RR'),null);
Insert into ref_book_value (RECORD_ID,ATTRIBUTE_ID,STRING_VALUE,NUMBER_VALUE,DATE_VALUE,REFERENCE_VALUE) values ('181248','844',null,null,to_date('01.07.70','DD.MM.RR'),null);
Insert into ref_book_value (RECORD_ID,ATTRIBUTE_ID,STRING_VALUE,NUMBER_VALUE,DATE_VALUE,REFERENCE_VALUE) values ('181248','3000',null,'0',null,null);
Insert into ref_book_value (RECORD_ID,ATTRIBUTE_ID,STRING_VALUE,NUMBER_VALUE,DATE_VALUE,REFERENCE_VALUE) values ('181249','25','56',null,null,null);
Insert into ref_book_value (RECORD_ID,ATTRIBUTE_ID,STRING_VALUE,NUMBER_VALUE,DATE_VALUE,REFERENCE_VALUE) values ('181249','26','четвёртый квартал при ликвидации организации',null,null,null);
Insert into ref_book_value (RECORD_ID,ATTRIBUTE_ID,STRING_VALUE,NUMBER_VALUE,DATE_VALUE,REFERENCE_VALUE) values ('181249','27',null,'0',null,null);
Insert into ref_book_value (RECORD_ID,ATTRIBUTE_ID,STRING_VALUE,NUMBER_VALUE,DATE_VALUE,REFERENCE_VALUE) values ('181249','28',null,'0',null,null);
Insert into ref_book_value (RECORD_ID,ATTRIBUTE_ID,STRING_VALUE,NUMBER_VALUE,DATE_VALUE,REFERENCE_VALUE) values ('181249','29',null,'0',null,null);
Insert into ref_book_value (RECORD_ID,ATTRIBUTE_ID,STRING_VALUE,NUMBER_VALUE,DATE_VALUE,REFERENCE_VALUE) values ('181249','30',null,'0',null,null);
Insert into ref_book_value (RECORD_ID,ATTRIBUTE_ID,STRING_VALUE,NUMBER_VALUE,DATE_VALUE,REFERENCE_VALUE) values ('181249','31',null,'0',null,null);
Insert into ref_book_value (RECORD_ID,ATTRIBUTE_ID,STRING_VALUE,NUMBER_VALUE,DATE_VALUE,REFERENCE_VALUE) values ('181249','820',null,null,to_date('01.10.70','DD.MM.RR'),null);
Insert into ref_book_value (RECORD_ID,ATTRIBUTE_ID,STRING_VALUE,NUMBER_VALUE,DATE_VALUE,REFERENCE_VALUE) values ('181249','821',null,null,to_date('31.12.70','DD.MM.RR'),null);
Insert into ref_book_value (RECORD_ID,ATTRIBUTE_ID,STRING_VALUE,NUMBER_VALUE,DATE_VALUE,REFERENCE_VALUE) values ('181249','844',null,null,to_date('01.10.70','DD.MM.RR'),null);
Insert into ref_book_value (RECORD_ID,ATTRIBUTE_ID,STRING_VALUE,NUMBER_VALUE,DATE_VALUE,REFERENCE_VALUE) values ('181249','3000',null,'0',null,null);
Insert into ref_book_value (RECORD_ID,ATTRIBUTE_ID,STRING_VALUE,NUMBER_VALUE,DATE_VALUE,REFERENCE_VALUE) values ('181250','25','57',null,null,null);
Insert into ref_book_value (RECORD_ID,ATTRIBUTE_ID,STRING_VALUE,NUMBER_VALUE,DATE_VALUE,REFERENCE_VALUE) values ('181250','26','один месяц по консолидированной группе налогоплательщиков',null,null,null);
Insert into ref_book_value (RECORD_ID,ATTRIBUTE_ID,STRING_VALUE,NUMBER_VALUE,DATE_VALUE,REFERENCE_VALUE) values ('181250','27',null,'0',null,null);
Insert into ref_book_value (RECORD_ID,ATTRIBUTE_ID,STRING_VALUE,NUMBER_VALUE,DATE_VALUE,REFERENCE_VALUE) values ('181250','28',null,'0',null,null);
Insert into ref_book_value (RECORD_ID,ATTRIBUTE_ID,STRING_VALUE,NUMBER_VALUE,DATE_VALUE,REFERENCE_VALUE) values ('181250','29',null,'0',null,null);
Insert into ref_book_value (RECORD_ID,ATTRIBUTE_ID,STRING_VALUE,NUMBER_VALUE,DATE_VALUE,REFERENCE_VALUE) values ('181250','30',null,'0',null,null);
Insert into ref_book_value (RECORD_ID,ATTRIBUTE_ID,STRING_VALUE,NUMBER_VALUE,DATE_VALUE,REFERENCE_VALUE) values ('181250','31',null,'0',null,null);
Insert into ref_book_value (RECORD_ID,ATTRIBUTE_ID,STRING_VALUE,NUMBER_VALUE,DATE_VALUE,REFERENCE_VALUE) values ('181250','3000',null,'0',null,null);
Insert into ref_book_value (RECORD_ID,ATTRIBUTE_ID,STRING_VALUE,NUMBER_VALUE,DATE_VALUE,REFERENCE_VALUE) values ('181251','25','58',null,null,null);
Insert into ref_book_value (RECORD_ID,ATTRIBUTE_ID,STRING_VALUE,NUMBER_VALUE,DATE_VALUE,REFERENCE_VALUE) values ('181251','26','два месяца по консолидированной группе налогоплательщиков',null,null,null);
Insert into ref_book_value (RECORD_ID,ATTRIBUTE_ID,STRING_VALUE,NUMBER_VALUE,DATE_VALUE,REFERENCE_VALUE) values ('181251','27',null,'0',null,null);
Insert into ref_book_value (RECORD_ID,ATTRIBUTE_ID,STRING_VALUE,NUMBER_VALUE,DATE_VALUE,REFERENCE_VALUE) values ('181251','28',null,'0',null,null);
Insert into ref_book_value (RECORD_ID,ATTRIBUTE_ID,STRING_VALUE,NUMBER_VALUE,DATE_VALUE,REFERENCE_VALUE) values ('181251','29',null,'0',null,null);
Insert into ref_book_value (RECORD_ID,ATTRIBUTE_ID,STRING_VALUE,NUMBER_VALUE,DATE_VALUE,REFERENCE_VALUE) values ('181251','30',null,'0',null,null);
Insert into ref_book_value (RECORD_ID,ATTRIBUTE_ID,STRING_VALUE,NUMBER_VALUE,DATE_VALUE,REFERENCE_VALUE) values ('181251','31',null,'0',null,null);
Insert into ref_book_value (RECORD_ID,ATTRIBUTE_ID,STRING_VALUE,NUMBER_VALUE,DATE_VALUE,REFERENCE_VALUE) values ('181251','3000',null,'0',null,null);
Insert into ref_book_value (RECORD_ID,ATTRIBUTE_ID,STRING_VALUE,NUMBER_VALUE,DATE_VALUE,REFERENCE_VALUE) values ('181252','25','59',null,null,null);
Insert into ref_book_value (RECORD_ID,ATTRIBUTE_ID,STRING_VALUE,NUMBER_VALUE,DATE_VALUE,REFERENCE_VALUE) values ('181252','26','три месяца по консолидированной группе налогоплательщиков',null,null,null);
Insert into ref_book_value (RECORD_ID,ATTRIBUTE_ID,STRING_VALUE,NUMBER_VALUE,DATE_VALUE,REFERENCE_VALUE) values ('181252','27',null,'0',null,null);
Insert into ref_book_value (RECORD_ID,ATTRIBUTE_ID,STRING_VALUE,NUMBER_VALUE,DATE_VALUE,REFERENCE_VALUE) values ('181252','28',null,'0',null,null);
Insert into ref_book_value (RECORD_ID,ATTRIBUTE_ID,STRING_VALUE,NUMBER_VALUE,DATE_VALUE,REFERENCE_VALUE) values ('181252','29',null,'0',null,null);
Insert into ref_book_value (RECORD_ID,ATTRIBUTE_ID,STRING_VALUE,NUMBER_VALUE,DATE_VALUE,REFERENCE_VALUE) values ('181252','30',null,'0',null,null);
Insert into ref_book_value (RECORD_ID,ATTRIBUTE_ID,STRING_VALUE,NUMBER_VALUE,DATE_VALUE,REFERENCE_VALUE) values ('181252','31',null,'0',null,null);
Insert into ref_book_value (RECORD_ID,ATTRIBUTE_ID,STRING_VALUE,NUMBER_VALUE,DATE_VALUE,REFERENCE_VALUE) values ('181252','3000',null,'0',null,null);
Insert into ref_book_value (RECORD_ID,ATTRIBUTE_ID,STRING_VALUE,NUMBER_VALUE,DATE_VALUE,REFERENCE_VALUE) values ('181253','25','60',null,null,null);
Insert into ref_book_value (RECORD_ID,ATTRIBUTE_ID,STRING_VALUE,NUMBER_VALUE,DATE_VALUE,REFERENCE_VALUE) values ('181253','26','четыре месяца по консолидированной группе налогоплательщиков',null,null,null);
Insert into ref_book_value (RECORD_ID,ATTRIBUTE_ID,STRING_VALUE,NUMBER_VALUE,DATE_VALUE,REFERENCE_VALUE) values ('181253','27',null,'0',null,null);
Insert into ref_book_value (RECORD_ID,ATTRIBUTE_ID,STRING_VALUE,NUMBER_VALUE,DATE_VALUE,REFERENCE_VALUE) values ('181253','28',null,'0',null,null);
Insert into ref_book_value (RECORD_ID,ATTRIBUTE_ID,STRING_VALUE,NUMBER_VALUE,DATE_VALUE,REFERENCE_VALUE) values ('181253','29',null,'0',null,null);
Insert into ref_book_value (RECORD_ID,ATTRIBUTE_ID,STRING_VALUE,NUMBER_VALUE,DATE_VALUE,REFERENCE_VALUE) values ('181253','30',null,'0',null,null);
Insert into ref_book_value (RECORD_ID,ATTRIBUTE_ID,STRING_VALUE,NUMBER_VALUE,DATE_VALUE,REFERENCE_VALUE) values ('181253','31',null,'0',null,null);
Insert into ref_book_value (RECORD_ID,ATTRIBUTE_ID,STRING_VALUE,NUMBER_VALUE,DATE_VALUE,REFERENCE_VALUE) values ('181253','3000',null,'0',null,null);
Insert into ref_book_value (RECORD_ID,ATTRIBUTE_ID,STRING_VALUE,NUMBER_VALUE,DATE_VALUE,REFERENCE_VALUE) values ('181254','25','61',null,null,null);
Insert into ref_book_value (RECORD_ID,ATTRIBUTE_ID,STRING_VALUE,NUMBER_VALUE,DATE_VALUE,REFERENCE_VALUE) values ('181254','26','пять месяцев по консолидированной группе налогоплательщиков',null,null,null);
Insert into ref_book_value (RECORD_ID,ATTRIBUTE_ID,STRING_VALUE,NUMBER_VALUE,DATE_VALUE,REFERENCE_VALUE) values ('181254','27',null,'0',null,null);
Insert into ref_book_value (RECORD_ID,ATTRIBUTE_ID,STRING_VALUE,NUMBER_VALUE,DATE_VALUE,REFERENCE_VALUE) values ('181254','28',null,'0',null,null);
Insert into ref_book_value (RECORD_ID,ATTRIBUTE_ID,STRING_VALUE,NUMBER_VALUE,DATE_VALUE,REFERENCE_VALUE) values ('181254','29',null,'0',null,null);
Insert into ref_book_value (RECORD_ID,ATTRIBUTE_ID,STRING_VALUE,NUMBER_VALUE,DATE_VALUE,REFERENCE_VALUE) values ('181254','30',null,'0',null,null);
Insert into ref_book_value (RECORD_ID,ATTRIBUTE_ID,STRING_VALUE,NUMBER_VALUE,DATE_VALUE,REFERENCE_VALUE) values ('181254','31',null,'0',null,null);
Insert into ref_book_value (RECORD_ID,ATTRIBUTE_ID,STRING_VALUE,NUMBER_VALUE,DATE_VALUE,REFERENCE_VALUE) values ('181254','3000',null,'0',null,null);
Insert into ref_book_value (RECORD_ID,ATTRIBUTE_ID,STRING_VALUE,NUMBER_VALUE,DATE_VALUE,REFERENCE_VALUE) values ('181255','25','62',null,null,null);
Insert into ref_book_value (RECORD_ID,ATTRIBUTE_ID,STRING_VALUE,NUMBER_VALUE,DATE_VALUE,REFERENCE_VALUE) values ('181255','26','шесть месяцев по консолидированной группе налогоплательщиков',null,null,null);
Insert into ref_book_value (RECORD_ID,ATTRIBUTE_ID,STRING_VALUE,NUMBER_VALUE,DATE_VALUE,REFERENCE_VALUE) values ('181255','27',null,'0',null,null);
Insert into ref_book_value (RECORD_ID,ATTRIBUTE_ID,STRING_VALUE,NUMBER_VALUE,DATE_VALUE,REFERENCE_VALUE) values ('181255','28',null,'0',null,null);
Insert into ref_book_value (RECORD_ID,ATTRIBUTE_ID,STRING_VALUE,NUMBER_VALUE,DATE_VALUE,REFERENCE_VALUE) values ('181255','29',null,'0',null,null);
Insert into ref_book_value (RECORD_ID,ATTRIBUTE_ID,STRING_VALUE,NUMBER_VALUE,DATE_VALUE,REFERENCE_VALUE) values ('181255','30',null,'0',null,null);
Insert into ref_book_value (RECORD_ID,ATTRIBUTE_ID,STRING_VALUE,NUMBER_VALUE,DATE_VALUE,REFERENCE_VALUE) values ('181255','31',null,'0',null,null);
Insert into ref_book_value (RECORD_ID,ATTRIBUTE_ID,STRING_VALUE,NUMBER_VALUE,DATE_VALUE,REFERENCE_VALUE) values ('181255','3000',null,'0',null,null);
Insert into ref_book_value (RECORD_ID,ATTRIBUTE_ID,STRING_VALUE,NUMBER_VALUE,DATE_VALUE,REFERENCE_VALUE) values ('181256','25','63',null,null,null);
Insert into ref_book_value (RECORD_ID,ATTRIBUTE_ID,STRING_VALUE,NUMBER_VALUE,DATE_VALUE,REFERENCE_VALUE) values ('181256','26','семь месяцев по консолидированной группе налогоплательщиков',null,null,null);
Insert into ref_book_value (RECORD_ID,ATTRIBUTE_ID,STRING_VALUE,NUMBER_VALUE,DATE_VALUE,REFERENCE_VALUE) values ('181256','27',null,'0',null,null);
Insert into ref_book_value (RECORD_ID,ATTRIBUTE_ID,STRING_VALUE,NUMBER_VALUE,DATE_VALUE,REFERENCE_VALUE) values ('181256','28',null,'0',null,null);
Insert into ref_book_value (RECORD_ID,ATTRIBUTE_ID,STRING_VALUE,NUMBER_VALUE,DATE_VALUE,REFERENCE_VALUE) values ('181256','29',null,'0',null,null);
Insert into ref_book_value (RECORD_ID,ATTRIBUTE_ID,STRING_VALUE,NUMBER_VALUE,DATE_VALUE,REFERENCE_VALUE) values ('181256','30',null,'0',null,null);
Insert into ref_book_value (RECORD_ID,ATTRIBUTE_ID,STRING_VALUE,NUMBER_VALUE,DATE_VALUE,REFERENCE_VALUE) values ('181256','31',null,'0',null,null);
Insert into ref_book_value (RECORD_ID,ATTRIBUTE_ID,STRING_VALUE,NUMBER_VALUE,DATE_VALUE,REFERENCE_VALUE) values ('181256','3000',null,'0',null,null);
Insert into ref_book_value (RECORD_ID,ATTRIBUTE_ID,STRING_VALUE,NUMBER_VALUE,DATE_VALUE,REFERENCE_VALUE) values ('181257','25','64',null,null,null);
Insert into ref_book_value (RECORD_ID,ATTRIBUTE_ID,STRING_VALUE,NUMBER_VALUE,DATE_VALUE,REFERENCE_VALUE) values ('181257','26','восемь месяцев по консолидированной группе налогоплательщиков',null,null,null);
Insert into ref_book_value (RECORD_ID,ATTRIBUTE_ID,STRING_VALUE,NUMBER_VALUE,DATE_VALUE,REFERENCE_VALUE) values ('181257','27',null,'0',null,null);
Insert into ref_book_value (RECORD_ID,ATTRIBUTE_ID,STRING_VALUE,NUMBER_VALUE,DATE_VALUE,REFERENCE_VALUE) values ('181257','28',null,'0',null,null);
Insert into ref_book_value (RECORD_ID,ATTRIBUTE_ID,STRING_VALUE,NUMBER_VALUE,DATE_VALUE,REFERENCE_VALUE) values ('181257','29',null,'0',null,null);
Insert into ref_book_value (RECORD_ID,ATTRIBUTE_ID,STRING_VALUE,NUMBER_VALUE,DATE_VALUE,REFERENCE_VALUE) values ('181257','30',null,'0',null,null);
Insert into ref_book_value (RECORD_ID,ATTRIBUTE_ID,STRING_VALUE,NUMBER_VALUE,DATE_VALUE,REFERENCE_VALUE) values ('181257','31',null,'0',null,null);
Insert into ref_book_value (RECORD_ID,ATTRIBUTE_ID,STRING_VALUE,NUMBER_VALUE,DATE_VALUE,REFERENCE_VALUE) values ('181257','3000',null,'0',null,null);
Insert into ref_book_value (RECORD_ID,ATTRIBUTE_ID,STRING_VALUE,NUMBER_VALUE,DATE_VALUE,REFERENCE_VALUE) values ('181258','25','65',null,null,null);
Insert into ref_book_value (RECORD_ID,ATTRIBUTE_ID,STRING_VALUE,NUMBER_VALUE,DATE_VALUE,REFERENCE_VALUE) values ('181258','26','девять месяцев по консолидированной группе налогоплательщиков',null,null,null);
Insert into ref_book_value (RECORD_ID,ATTRIBUTE_ID,STRING_VALUE,NUMBER_VALUE,DATE_VALUE,REFERENCE_VALUE) values ('181258','27',null,'0',null,null);
Insert into ref_book_value (RECORD_ID,ATTRIBUTE_ID,STRING_VALUE,NUMBER_VALUE,DATE_VALUE,REFERENCE_VALUE) values ('181258','28',null,'0',null,null);
Insert into ref_book_value (RECORD_ID,ATTRIBUTE_ID,STRING_VALUE,NUMBER_VALUE,DATE_VALUE,REFERENCE_VALUE) values ('181258','29',null,'0',null,null);
Insert into ref_book_value (RECORD_ID,ATTRIBUTE_ID,STRING_VALUE,NUMBER_VALUE,DATE_VALUE,REFERENCE_VALUE) values ('181258','30',null,'0',null,null);
Insert into ref_book_value (RECORD_ID,ATTRIBUTE_ID,STRING_VALUE,NUMBER_VALUE,DATE_VALUE,REFERENCE_VALUE) values ('181258','31',null,'0',null,null);
Insert into ref_book_value (RECORD_ID,ATTRIBUTE_ID,STRING_VALUE,NUMBER_VALUE,DATE_VALUE,REFERENCE_VALUE) values ('181258','3000',null,'0',null,null);
Insert into ref_book_value (RECORD_ID,ATTRIBUTE_ID,STRING_VALUE,NUMBER_VALUE,DATE_VALUE,REFERENCE_VALUE) values ('181259','25','66',null,null,null);
Insert into ref_book_value (RECORD_ID,ATTRIBUTE_ID,STRING_VALUE,NUMBER_VALUE,DATE_VALUE,REFERENCE_VALUE) values ('181259','26','десять месяцев по консолидированной группе налогоплательщиков',null,null,null);
Insert into ref_book_value (RECORD_ID,ATTRIBUTE_ID,STRING_VALUE,NUMBER_VALUE,DATE_VALUE,REFERENCE_VALUE) values ('181259','27',null,'0',null,null);
Insert into ref_book_value (RECORD_ID,ATTRIBUTE_ID,STRING_VALUE,NUMBER_VALUE,DATE_VALUE,REFERENCE_VALUE) values ('181259','28',null,'0',null,null);
Insert into ref_book_value (RECORD_ID,ATTRIBUTE_ID,STRING_VALUE,NUMBER_VALUE,DATE_VALUE,REFERENCE_VALUE) values ('181259','29',null,'0',null,null);
Insert into ref_book_value (RECORD_ID,ATTRIBUTE_ID,STRING_VALUE,NUMBER_VALUE,DATE_VALUE,REFERENCE_VALUE) values ('181259','30',null,'0',null,null);
Insert into ref_book_value (RECORD_ID,ATTRIBUTE_ID,STRING_VALUE,NUMBER_VALUE,DATE_VALUE,REFERENCE_VALUE) values ('181259','31',null,'0',null,null);
Insert into ref_book_value (RECORD_ID,ATTRIBUTE_ID,STRING_VALUE,NUMBER_VALUE,DATE_VALUE,REFERENCE_VALUE) values ('181259','3000',null,'0',null,null);
Insert into ref_book_value (RECORD_ID,ATTRIBUTE_ID,STRING_VALUE,NUMBER_VALUE,DATE_VALUE,REFERENCE_VALUE) values ('181260','25','67',null,null,null);
Insert into ref_book_value (RECORD_ID,ATTRIBUTE_ID,STRING_VALUE,NUMBER_VALUE,DATE_VALUE,REFERENCE_VALUE) values ('181260','26','одиннадцать месяцев по консолидированной группе налогоплательщиков',null,null,null);
Insert into ref_book_value (RECORD_ID,ATTRIBUTE_ID,STRING_VALUE,NUMBER_VALUE,DATE_VALUE,REFERENCE_VALUE) values ('181260','27',null,'0',null,null);
Insert into ref_book_value (RECORD_ID,ATTRIBUTE_ID,STRING_VALUE,NUMBER_VALUE,DATE_VALUE,REFERENCE_VALUE) values ('181260','28',null,'0',null,null);
Insert into ref_book_value (RECORD_ID,ATTRIBUTE_ID,STRING_VALUE,NUMBER_VALUE,DATE_VALUE,REFERENCE_VALUE) values ('181260','29',null,'0',null,null);
Insert into ref_book_value (RECORD_ID,ATTRIBUTE_ID,STRING_VALUE,NUMBER_VALUE,DATE_VALUE,REFERENCE_VALUE) values ('181260','30',null,'0',null,null);
Insert into ref_book_value (RECORD_ID,ATTRIBUTE_ID,STRING_VALUE,NUMBER_VALUE,DATE_VALUE,REFERENCE_VALUE) values ('181260','31',null,'0',null,null);
Insert into ref_book_value (RECORD_ID,ATTRIBUTE_ID,STRING_VALUE,NUMBER_VALUE,DATE_VALUE,REFERENCE_VALUE) values ('181260','3000',null,'0',null,null);
Insert into ref_book_value (RECORD_ID,ATTRIBUTE_ID,STRING_VALUE,NUMBER_VALUE,DATE_VALUE,REFERENCE_VALUE) values ('181261','25','68',null,null,null);
Insert into ref_book_value (RECORD_ID,ATTRIBUTE_ID,STRING_VALUE,NUMBER_VALUE,DATE_VALUE,REFERENCE_VALUE) values ('181261','26','год по консолидированной группе налогоплательщиков',null,null,null);
Insert into ref_book_value (RECORD_ID,ATTRIBUTE_ID,STRING_VALUE,NUMBER_VALUE,DATE_VALUE,REFERENCE_VALUE) values ('181261','27',null,'0',null,null);
Insert into ref_book_value (RECORD_ID,ATTRIBUTE_ID,STRING_VALUE,NUMBER_VALUE,DATE_VALUE,REFERENCE_VALUE) values ('181261','28',null,'0',null,null);
Insert into ref_book_value (RECORD_ID,ATTRIBUTE_ID,STRING_VALUE,NUMBER_VALUE,DATE_VALUE,REFERENCE_VALUE) values ('181261','29',null,'0',null,null);
Insert into ref_book_value (RECORD_ID,ATTRIBUTE_ID,STRING_VALUE,NUMBER_VALUE,DATE_VALUE,REFERENCE_VALUE) values ('181261','30',null,'0',null,null);
Insert into ref_book_value (RECORD_ID,ATTRIBUTE_ID,STRING_VALUE,NUMBER_VALUE,DATE_VALUE,REFERENCE_VALUE) values ('181261','31',null,'0',null,null);
Insert into ref_book_value (RECORD_ID,ATTRIBUTE_ID,STRING_VALUE,NUMBER_VALUE,DATE_VALUE,REFERENCE_VALUE) values ('181261','3000',null,'0',null,null);
Insert into ref_book_value (RECORD_ID,ATTRIBUTE_ID,STRING_VALUE,NUMBER_VALUE,DATE_VALUE,REFERENCE_VALUE) values ('181262','25','71',null,null,null);
Insert into ref_book_value (RECORD_ID,ATTRIBUTE_ID,STRING_VALUE,NUMBER_VALUE,DATE_VALUE,REFERENCE_VALUE) values ('181262','26','за январь при ликвидации организации',null,null,null);
Insert into ref_book_value (RECORD_ID,ATTRIBUTE_ID,STRING_VALUE,NUMBER_VALUE,DATE_VALUE,REFERENCE_VALUE) values ('181262','27',null,'0',null,null);
Insert into ref_book_value (RECORD_ID,ATTRIBUTE_ID,STRING_VALUE,NUMBER_VALUE,DATE_VALUE,REFERENCE_VALUE) values ('181262','28',null,'0',null,null);
Insert into ref_book_value (RECORD_ID,ATTRIBUTE_ID,STRING_VALUE,NUMBER_VALUE,DATE_VALUE,REFERENCE_VALUE) values ('181262','29',null,'0',null,null);
Insert into ref_book_value (RECORD_ID,ATTRIBUTE_ID,STRING_VALUE,NUMBER_VALUE,DATE_VALUE,REFERENCE_VALUE) values ('181262','30',null,'0',null,null);
Insert into ref_book_value (RECORD_ID,ATTRIBUTE_ID,STRING_VALUE,NUMBER_VALUE,DATE_VALUE,REFERENCE_VALUE) values ('181262','31',null,'0',null,null);
Insert into ref_book_value (RECORD_ID,ATTRIBUTE_ID,STRING_VALUE,NUMBER_VALUE,DATE_VALUE,REFERENCE_VALUE) values ('181262','3000',null,'0',null,null);
Insert into ref_book_value (RECORD_ID,ATTRIBUTE_ID,STRING_VALUE,NUMBER_VALUE,DATE_VALUE,REFERENCE_VALUE) values ('181263','25','72',null,null,null);
Insert into ref_book_value (RECORD_ID,ATTRIBUTE_ID,STRING_VALUE,NUMBER_VALUE,DATE_VALUE,REFERENCE_VALUE) values ('181263','26','за февраль при ликвидации организации',null,null,null);
Insert into ref_book_value (RECORD_ID,ATTRIBUTE_ID,STRING_VALUE,NUMBER_VALUE,DATE_VALUE,REFERENCE_VALUE) values ('181263','27',null,'0',null,null);
Insert into ref_book_value (RECORD_ID,ATTRIBUTE_ID,STRING_VALUE,NUMBER_VALUE,DATE_VALUE,REFERENCE_VALUE) values ('181263','28',null,'0',null,null);
Insert into ref_book_value (RECORD_ID,ATTRIBUTE_ID,STRING_VALUE,NUMBER_VALUE,DATE_VALUE,REFERENCE_VALUE) values ('181263','29',null,'0',null,null);
Insert into ref_book_value (RECORD_ID,ATTRIBUTE_ID,STRING_VALUE,NUMBER_VALUE,DATE_VALUE,REFERENCE_VALUE) values ('181263','30',null,'0',null,null);
Insert into ref_book_value (RECORD_ID,ATTRIBUTE_ID,STRING_VALUE,NUMBER_VALUE,DATE_VALUE,REFERENCE_VALUE) values ('181263','31',null,'0',null,null);
Insert into ref_book_value (RECORD_ID,ATTRIBUTE_ID,STRING_VALUE,NUMBER_VALUE,DATE_VALUE,REFERENCE_VALUE) values ('181263','3000',null,'0',null,null);
Insert into ref_book_value (RECORD_ID,ATTRIBUTE_ID,STRING_VALUE,NUMBER_VALUE,DATE_VALUE,REFERENCE_VALUE) values ('181264','25','73',null,null,null);
Insert into ref_book_value (RECORD_ID,ATTRIBUTE_ID,STRING_VALUE,NUMBER_VALUE,DATE_VALUE,REFERENCE_VALUE) values ('181264','26','за март при ликвидации организации',null,null,null);
Insert into ref_book_value (RECORD_ID,ATTRIBUTE_ID,STRING_VALUE,NUMBER_VALUE,DATE_VALUE,REFERENCE_VALUE) values ('181264','27',null,'0',null,null);
Insert into ref_book_value (RECORD_ID,ATTRIBUTE_ID,STRING_VALUE,NUMBER_VALUE,DATE_VALUE,REFERENCE_VALUE) values ('181264','28',null,'0',null,null);
Insert into ref_book_value (RECORD_ID,ATTRIBUTE_ID,STRING_VALUE,NUMBER_VALUE,DATE_VALUE,REFERENCE_VALUE) values ('181264','29',null,'0',null,null);
Insert into ref_book_value (RECORD_ID,ATTRIBUTE_ID,STRING_VALUE,NUMBER_VALUE,DATE_VALUE,REFERENCE_VALUE) values ('181264','30',null,'0',null,null);
Insert into ref_book_value (RECORD_ID,ATTRIBUTE_ID,STRING_VALUE,NUMBER_VALUE,DATE_VALUE,REFERENCE_VALUE) values ('181264','31',null,'0',null,null);
Insert into ref_book_value (RECORD_ID,ATTRIBUTE_ID,STRING_VALUE,NUMBER_VALUE,DATE_VALUE,REFERENCE_VALUE) values ('181264','3000',null,'0',null,null);
Insert into ref_book_value (RECORD_ID,ATTRIBUTE_ID,STRING_VALUE,NUMBER_VALUE,DATE_VALUE,REFERENCE_VALUE) values ('181265','25','74',null,null,null);
Insert into ref_book_value (RECORD_ID,ATTRIBUTE_ID,STRING_VALUE,NUMBER_VALUE,DATE_VALUE,REFERENCE_VALUE) values ('181265','26','за апрель при ликвидации организации',null,null,null);
Insert into ref_book_value (RECORD_ID,ATTRIBUTE_ID,STRING_VALUE,NUMBER_VALUE,DATE_VALUE,REFERENCE_VALUE) values ('181265','27',null,'0',null,null);
Insert into ref_book_value (RECORD_ID,ATTRIBUTE_ID,STRING_VALUE,NUMBER_VALUE,DATE_VALUE,REFERENCE_VALUE) values ('181265','28',null,'0',null,null);
Insert into ref_book_value (RECORD_ID,ATTRIBUTE_ID,STRING_VALUE,NUMBER_VALUE,DATE_VALUE,REFERENCE_VALUE) values ('181265','29',null,'0',null,null);
Insert into ref_book_value (RECORD_ID,ATTRIBUTE_ID,STRING_VALUE,NUMBER_VALUE,DATE_VALUE,REFERENCE_VALUE) values ('181265','30',null,'0',null,null);
Insert into ref_book_value (RECORD_ID,ATTRIBUTE_ID,STRING_VALUE,NUMBER_VALUE,DATE_VALUE,REFERENCE_VALUE) values ('181265','31',null,'0',null,null);
Insert into ref_book_value (RECORD_ID,ATTRIBUTE_ID,STRING_VALUE,NUMBER_VALUE,DATE_VALUE,REFERENCE_VALUE) values ('181265','3000',null,'0',null,null);
Insert into ref_book_value (RECORD_ID,ATTRIBUTE_ID,STRING_VALUE,NUMBER_VALUE,DATE_VALUE,REFERENCE_VALUE) values ('181266','25','75',null,null,null);
Insert into ref_book_value (RECORD_ID,ATTRIBUTE_ID,STRING_VALUE,NUMBER_VALUE,DATE_VALUE,REFERENCE_VALUE) values ('181266','26','за май при ликвидации организации',null,null,null);
Insert into ref_book_value (RECORD_ID,ATTRIBUTE_ID,STRING_VALUE,NUMBER_VALUE,DATE_VALUE,REFERENCE_VALUE) values ('181266','27',null,'0',null,null);
Insert into ref_book_value (RECORD_ID,ATTRIBUTE_ID,STRING_VALUE,NUMBER_VALUE,DATE_VALUE,REFERENCE_VALUE) values ('181266','28',null,'0',null,null);
Insert into ref_book_value (RECORD_ID,ATTRIBUTE_ID,STRING_VALUE,NUMBER_VALUE,DATE_VALUE,REFERENCE_VALUE) values ('181266','29',null,'0',null,null);
Insert into ref_book_value (RECORD_ID,ATTRIBUTE_ID,STRING_VALUE,NUMBER_VALUE,DATE_VALUE,REFERENCE_VALUE) values ('181266','30',null,'0',null,null);
Insert into ref_book_value (RECORD_ID,ATTRIBUTE_ID,STRING_VALUE,NUMBER_VALUE,DATE_VALUE,REFERENCE_VALUE) values ('181266','31',null,'0',null,null);
Insert into ref_book_value (RECORD_ID,ATTRIBUTE_ID,STRING_VALUE,NUMBER_VALUE,DATE_VALUE,REFERENCE_VALUE) values ('181266','3000',null,'0',null,null);
Insert into ref_book_value (RECORD_ID,ATTRIBUTE_ID,STRING_VALUE,NUMBER_VALUE,DATE_VALUE,REFERENCE_VALUE) values ('181267','25','76',null,null,null);
Insert into ref_book_value (RECORD_ID,ATTRIBUTE_ID,STRING_VALUE,NUMBER_VALUE,DATE_VALUE,REFERENCE_VALUE) values ('181267','26','за июнь при ликвидации организации',null,null,null);
Insert into ref_book_value (RECORD_ID,ATTRIBUTE_ID,STRING_VALUE,NUMBER_VALUE,DATE_VALUE,REFERENCE_VALUE) values ('181267','27',null,'0',null,null);
Insert into ref_book_value (RECORD_ID,ATTRIBUTE_ID,STRING_VALUE,NUMBER_VALUE,DATE_VALUE,REFERENCE_VALUE) values ('181267','28',null,'0',null,null);
Insert into ref_book_value (RECORD_ID,ATTRIBUTE_ID,STRING_VALUE,NUMBER_VALUE,DATE_VALUE,REFERENCE_VALUE) values ('181267','29',null,'0',null,null);
Insert into ref_book_value (RECORD_ID,ATTRIBUTE_ID,STRING_VALUE,NUMBER_VALUE,DATE_VALUE,REFERENCE_VALUE) values ('181267','30',null,'0',null,null);
Insert into ref_book_value (RECORD_ID,ATTRIBUTE_ID,STRING_VALUE,NUMBER_VALUE,DATE_VALUE,REFERENCE_VALUE) values ('181267','31',null,'0',null,null);
Insert into ref_book_value (RECORD_ID,ATTRIBUTE_ID,STRING_VALUE,NUMBER_VALUE,DATE_VALUE,REFERENCE_VALUE) values ('181267','3000',null,'0',null,null);
Insert into ref_book_value (RECORD_ID,ATTRIBUTE_ID,STRING_VALUE,NUMBER_VALUE,DATE_VALUE,REFERENCE_VALUE) values ('181268','25','77',null,null,null);
Insert into ref_book_value (RECORD_ID,ATTRIBUTE_ID,STRING_VALUE,NUMBER_VALUE,DATE_VALUE,REFERENCE_VALUE) values ('181268','26','за июль при ликвидации организации',null,null,null);
Insert into ref_book_value (RECORD_ID,ATTRIBUTE_ID,STRING_VALUE,NUMBER_VALUE,DATE_VALUE,REFERENCE_VALUE) values ('181268','27',null,'0',null,null);
Insert into ref_book_value (RECORD_ID,ATTRIBUTE_ID,STRING_VALUE,NUMBER_VALUE,DATE_VALUE,REFERENCE_VALUE) values ('181268','28',null,'0',null,null);
Insert into ref_book_value (RECORD_ID,ATTRIBUTE_ID,STRING_VALUE,NUMBER_VALUE,DATE_VALUE,REFERENCE_VALUE) values ('181268','29',null,'0',null,null);
Insert into ref_book_value (RECORD_ID,ATTRIBUTE_ID,STRING_VALUE,NUMBER_VALUE,DATE_VALUE,REFERENCE_VALUE) values ('181268','30',null,'0',null,null);
Insert into ref_book_value (RECORD_ID,ATTRIBUTE_ID,STRING_VALUE,NUMBER_VALUE,DATE_VALUE,REFERENCE_VALUE) values ('181268','31',null,'0',null,null);
Insert into ref_book_value (RECORD_ID,ATTRIBUTE_ID,STRING_VALUE,NUMBER_VALUE,DATE_VALUE,REFERENCE_VALUE) values ('181268','3000',null,'0',null,null);
Insert into ref_book_value (RECORD_ID,ATTRIBUTE_ID,STRING_VALUE,NUMBER_VALUE,DATE_VALUE,REFERENCE_VALUE) values ('181269','25','78',null,null,null);
Insert into ref_book_value (RECORD_ID,ATTRIBUTE_ID,STRING_VALUE,NUMBER_VALUE,DATE_VALUE,REFERENCE_VALUE) values ('181269','26','за август при ликвидации организации',null,null,null);
Insert into ref_book_value (RECORD_ID,ATTRIBUTE_ID,STRING_VALUE,NUMBER_VALUE,DATE_VALUE,REFERENCE_VALUE) values ('181269','27',null,'0',null,null);
Insert into ref_book_value (RECORD_ID,ATTRIBUTE_ID,STRING_VALUE,NUMBER_VALUE,DATE_VALUE,REFERENCE_VALUE) values ('181269','28',null,'0',null,null);
Insert into ref_book_value (RECORD_ID,ATTRIBUTE_ID,STRING_VALUE,NUMBER_VALUE,DATE_VALUE,REFERENCE_VALUE) values ('181269','29',null,'0',null,null);
Insert into ref_book_value (RECORD_ID,ATTRIBUTE_ID,STRING_VALUE,NUMBER_VALUE,DATE_VALUE,REFERENCE_VALUE) values ('181269','30',null,'0',null,null);
Insert into ref_book_value (RECORD_ID,ATTRIBUTE_ID,STRING_VALUE,NUMBER_VALUE,DATE_VALUE,REFERENCE_VALUE) values ('181269','31',null,'0',null,null);
Insert into ref_book_value (RECORD_ID,ATTRIBUTE_ID,STRING_VALUE,NUMBER_VALUE,DATE_VALUE,REFERENCE_VALUE) values ('181269','3000',null,'0',null,null);
Insert into ref_book_value (RECORD_ID,ATTRIBUTE_ID,STRING_VALUE,NUMBER_VALUE,DATE_VALUE,REFERENCE_VALUE) values ('181270','25','79',null,null,null);
Insert into ref_book_value (RECORD_ID,ATTRIBUTE_ID,STRING_VALUE,NUMBER_VALUE,DATE_VALUE,REFERENCE_VALUE) values ('181270','26','за сентябрь при ликвидации организации',null,null,null);
Insert into ref_book_value (RECORD_ID,ATTRIBUTE_ID,STRING_VALUE,NUMBER_VALUE,DATE_VALUE,REFERENCE_VALUE) values ('181270','27',null,'0',null,null);
Insert into ref_book_value (RECORD_ID,ATTRIBUTE_ID,STRING_VALUE,NUMBER_VALUE,DATE_VALUE,REFERENCE_VALUE) values ('181270','28',null,'0',null,null);
Insert into ref_book_value (RECORD_ID,ATTRIBUTE_ID,STRING_VALUE,NUMBER_VALUE,DATE_VALUE,REFERENCE_VALUE) values ('181270','29',null,'0',null,null);
Insert into ref_book_value (RECORD_ID,ATTRIBUTE_ID,STRING_VALUE,NUMBER_VALUE,DATE_VALUE,REFERENCE_VALUE) values ('181270','30',null,'0',null,null);
Insert into ref_book_value (RECORD_ID,ATTRIBUTE_ID,STRING_VALUE,NUMBER_VALUE,DATE_VALUE,REFERENCE_VALUE) values ('181270','31',null,'0',null,null);
Insert into ref_book_value (RECORD_ID,ATTRIBUTE_ID,STRING_VALUE,NUMBER_VALUE,DATE_VALUE,REFERENCE_VALUE) values ('181270','3000',null,'0',null,null);
Insert into ref_book_value (RECORD_ID,ATTRIBUTE_ID,STRING_VALUE,NUMBER_VALUE,DATE_VALUE,REFERENCE_VALUE) values ('181271','25','80',null,null,null);
Insert into ref_book_value (RECORD_ID,ATTRIBUTE_ID,STRING_VALUE,NUMBER_VALUE,DATE_VALUE,REFERENCE_VALUE) values ('181271','26','за октябрь при ликвидации организации',null,null,null);
Insert into ref_book_value (RECORD_ID,ATTRIBUTE_ID,STRING_VALUE,NUMBER_VALUE,DATE_VALUE,REFERENCE_VALUE) values ('181271','27',null,'0',null,null);
Insert into ref_book_value (RECORD_ID,ATTRIBUTE_ID,STRING_VALUE,NUMBER_VALUE,DATE_VALUE,REFERENCE_VALUE) values ('181271','28',null,'0',null,null);
Insert into ref_book_value (RECORD_ID,ATTRIBUTE_ID,STRING_VALUE,NUMBER_VALUE,DATE_VALUE,REFERENCE_VALUE) values ('181271','29',null,'0',null,null);
Insert into ref_book_value (RECORD_ID,ATTRIBUTE_ID,STRING_VALUE,NUMBER_VALUE,DATE_VALUE,REFERENCE_VALUE) values ('181271','30',null,'0',null,null);
Insert into ref_book_value (RECORD_ID,ATTRIBUTE_ID,STRING_VALUE,NUMBER_VALUE,DATE_VALUE,REFERENCE_VALUE) values ('181271','31',null,'0',null,null);
Insert into ref_book_value (RECORD_ID,ATTRIBUTE_ID,STRING_VALUE,NUMBER_VALUE,DATE_VALUE,REFERENCE_VALUE) values ('181271','3000',null,'0',null,null);
Insert into ref_book_value (RECORD_ID,ATTRIBUTE_ID,STRING_VALUE,NUMBER_VALUE,DATE_VALUE,REFERENCE_VALUE) values ('181272','25','81',null,null,null);
Insert into ref_book_value (RECORD_ID,ATTRIBUTE_ID,STRING_VALUE,NUMBER_VALUE,DATE_VALUE,REFERENCE_VALUE) values ('181272','26','за ноябрь при ликвидации организации',null,null,null);
Insert into ref_book_value (RECORD_ID,ATTRIBUTE_ID,STRING_VALUE,NUMBER_VALUE,DATE_VALUE,REFERENCE_VALUE) values ('181272','27',null,'0',null,null);
Insert into ref_book_value (RECORD_ID,ATTRIBUTE_ID,STRING_VALUE,NUMBER_VALUE,DATE_VALUE,REFERENCE_VALUE) values ('181272','28',null,'0',null,null);
Insert into ref_book_value (RECORD_ID,ATTRIBUTE_ID,STRING_VALUE,NUMBER_VALUE,DATE_VALUE,REFERENCE_VALUE) values ('181272','29',null,'0',null,null);
Insert into ref_book_value (RECORD_ID,ATTRIBUTE_ID,STRING_VALUE,NUMBER_VALUE,DATE_VALUE,REFERENCE_VALUE) values ('181272','30',null,'0',null,null);
Insert into ref_book_value (RECORD_ID,ATTRIBUTE_ID,STRING_VALUE,NUMBER_VALUE,DATE_VALUE,REFERENCE_VALUE) values ('181272','31',null,'0',null,null);
Insert into ref_book_value (RECORD_ID,ATTRIBUTE_ID,STRING_VALUE,NUMBER_VALUE,DATE_VALUE,REFERENCE_VALUE) values ('181272','3000',null,'0',null,null);
Insert into ref_book_value (RECORD_ID,ATTRIBUTE_ID,STRING_VALUE,NUMBER_VALUE,DATE_VALUE,REFERENCE_VALUE) values ('181273','25','82',null,null,null);
Insert into ref_book_value (RECORD_ID,ATTRIBUTE_ID,STRING_VALUE,NUMBER_VALUE,DATE_VALUE,REFERENCE_VALUE) values ('181273','26','за декабрь при ликвидации организации',null,null,null);
Insert into ref_book_value (RECORD_ID,ATTRIBUTE_ID,STRING_VALUE,NUMBER_VALUE,DATE_VALUE,REFERENCE_VALUE) values ('181273','27',null,'0',null,null);
Insert into ref_book_value (RECORD_ID,ATTRIBUTE_ID,STRING_VALUE,NUMBER_VALUE,DATE_VALUE,REFERENCE_VALUE) values ('181273','28',null,'0',null,null);
Insert into ref_book_value (RECORD_ID,ATTRIBUTE_ID,STRING_VALUE,NUMBER_VALUE,DATE_VALUE,REFERENCE_VALUE) values ('181273','29',null,'0',null,null);
Insert into ref_book_value (RECORD_ID,ATTRIBUTE_ID,STRING_VALUE,NUMBER_VALUE,DATE_VALUE,REFERENCE_VALUE) values ('181273','30',null,'0',null,null);
Insert into ref_book_value (RECORD_ID,ATTRIBUTE_ID,STRING_VALUE,NUMBER_VALUE,DATE_VALUE,REFERENCE_VALUE) values ('181273','31',null,'0',null,null);
Insert into ref_book_value (RECORD_ID,ATTRIBUTE_ID,STRING_VALUE,NUMBER_VALUE,DATE_VALUE,REFERENCE_VALUE) values ('181273','3000',null,'0',null,null);